,Total,,,,,,,,,,,,,,,,,,,,,,,,,,Realized,,,,,,,,,,,,,,,,,,,,,,,,,,Unrealized,,,,,,,,,,,,,,,,,,,,,,,,
User Addresses,Total Fee Income,Total IL ,Total Net Income,Average Fee Income,Average IL,Average Net Income,Std. of Gross Return,Std. of IL ,Std. of Net Return (WETH),Fee APY,IL APY,Net Return APY,Shape Ratio of Fee APY,Shape Ratio of IL  APY,Shape Ratio of Net Return APY ,Average Tick Range,Average Ratio of Price Range,Average Ratio of Price Diff,Holding Periods (days),Ratio of Holding Periods ,Total Principal,Average Principal,Max Principal,Min Principal,Num,,Total Fee Income,Total IL ,Total Net Income,Average Fee Income,Average IL,Average Net Income,Std. of Gross Return (WETH),Std. of IL (WETH),Std. of Net Return (WETH),Fee APY,IL APY,Net Return APY,Shape Ratio of Fee APY,Shape Ratio of IL  APY,Shape Ratio of Net Return APY ,Average Tick Range,Average Ratio of Price Range,Average Ratio of Price Diff,Holding Periods (days),Ratio of Holding Periods ,Total Principal,Average Principal,Max Principal,Min Principal,Num,,Total Fee Income,Total IL ,Total Net Income,Average Fee Income,Average IL,Average Net Income,Std. of Gross Return (WETH),Std. of IL (WETH),Std. of Net Return (WETH),Fee APY,IL APY,Net Return APY,Shape Ratio of Fee APY,Shape Ratio of IL  APY,Shape Ratio of Net Return APY ,Average Tick Range,Average Ratio of Price Range,Average Ratio of Price Diff,Holding Periods (days),Ratio of Holding Periods ,Total Principal,Average Principal,Max Principal,Min Principal,Num
0x5b9ce85684c90f07494e8352ef20a7a94dae82a8,0.64,-0.30,0.33,0.07,-0.03,0.04,0.10,0.06,0.04,1864.17%,-664.71%,1199.46%,186.57,-106.42,287.31,506.67,5.24%,0.30%,1.47,2.42%,14.56,1.62,3.00,0.81,,,0.32,-0.10,0.21,0.05,-0.02,0.04,0.04,0.02,0.03,2595.36%,-757.58%,1837.79%,668.40,-332.97,720.43,510.00,5.28%,1.74%,0.84,1.37%,9.55,1.59,2.00,0.93,,,0.32,-0.20,0.12,0.11,-0.07,0.04,0.18,0.11,0.07,469.08%,-487.54%,-18.46%,25.72,-44.52,-2.53,500.00,5.15%,-2.58%,3.32,5.45%,5.01,1.67,3.00,0.81,
0x7f8a81c988a90f97d3a4b7024f5c9b0171143e59,0.56,-0.12,0.44,0.19,-0.04,0.15,0.29,0.06,0.24,355.42%,-78.22%,277.20%,12.08,-13.77,11.68,1440.00,15.49%,1.30%,20.58,33.77%,2.79,0.93,2.50,0.04,,,,,,,,,,,,,,,,,,,,,,,,,,,,,0.56,-0.12,0.44,0.19,-0.04,0.15,0.29,0.06,0.24,355.42%,-78.22%,277.20%,12.08,-13.77,11.68,1440.00,15.49%,1.30%,20.58,33.77%,2.79,0.93,2.50,0.04,
0xb9027448f87763845004f0cb04b11765d09acb56,0.00,0.00,0.00,0.00,0.00,0.00,0.00,0.00,0.00,361.29%,-128.02%,233.27%,3006.04,-3028.33,2979.24,9760.00,197.11%,61.48%,0.00,0.00%,422.92,140.97,147.93,135.89,,,0.00,0.00,0.00,0.00,0.00,0.00,0.00,0.00,0.00,361.29%,-128.02%,233.27%,3006.04,-3028.33,2979.24,9760.00,197.11%,61.48%,0.00,0.00%,422.92,140.97,147.93,135.89,,,,,,,,,,,,,,,,,,,,,,,,,,,
0x691929a24789ff269dc9c9b4ba96a5d67facc4c2,0.68,-0.42,0.26,0.34,-0.21,0.13,0.03,0.02,0.05,570.05%,-346.36%,223.69%,182.06,-200.88,46.07,1410.00,15.18%,-0.24%,3.77,6.19%,11.85,5.92,7.85,4.00,,,0.68,-0.42,0.26,0.34,-0.21,0.13,0.03,0.02,0.05,570.05%,-346.36%,223.69%,182.06,-200.88,46.07,1410.00,15.18%,-0.24%,3.77,6.19%,11.85,5.92,7.85,4.00,,,,,,,,,,,,,,,,,,,,,,,,,,,
0x363e86370fd257e9839de7273f19c108e3e3510e,0.16,-0.02,0.14,0.16,-0.02,0.14,,,,235.19%,-27.59%,207.60%,,,,3720.00,45.06%,10.08%,0.70,1.14%,35.12,35.12,35.12,35.12,,,0.16,-0.02,0.14,0.16,-0.02,0.14,,,,235.19%,-27.59%,207.60%,,,,3720.00,45.06%,10.08%,0.70,1.14%,35.12,35.12,35.12,35.12,,,,,,,,,,,,,,,,,,,,,,,,,,,
0x38ba0ac535f47e5af4770ad472ef003243891b29,0.01,0.00,0.01,0.01,0.00,0.01,,,,227.96%,-26.77%,201.19%,,,,1860.00,20.44%,-1.37%,0.86,1.40%,1.36,1.36,1.36,1.36,,,,,,,,,,,,,,,,,,,,,,,,,,,,,0.01,0.00,0.01,0.01,0.00,0.01,,,,227.96%,-26.77%,201.19%,,,,1860.00,20.44%,-1.37%,0.86,1.40%,1.36,1.36,1.36,1.36,
0xb07307e6e333d08a2b7a6e4d6dc2cbafcd315b32,0.06,0.00,0.06,0.06,0.00,0.06,,,,194.19%,-8.24%,185.95%,,,,2700.00,30.99%,-9.58%,32.92,54.01%,0.37,0.37,0.37,0.37,,,,,,,,,,,,,,,,,,,,,,,,,,,,,0.06,0.00,0.06,0.06,0.00,0.06,,,,194.19%,-8.24%,185.95%,,,,2700.00,30.99%,-9.58%,32.92,54.01%,0.37,0.37,0.37,0.37,
0x00009513261f3874b4ee1d2b5fdbfe8347185fb6,0.14,-0.03,0.11,0.04,-0.01,0.03,0.06,0.02,0.05,231.06%,-54.97%,176.09%,36.23,-35.89,36.33,1995.00,22.85%,-2.40%,4.00,6.56%,3.90,0.98,1.42,0.43,,,0.13,-0.03,0.10,0.04,-0.01,0.03,0.08,0.02,0.06,200.35%,-48.74%,151.61%,26.59,-26.95,26.47,2180.00,25.31%,-1.63%,6.20,10.16%,2.48,0.83,1.04,0.43,,,0.01,0.00,0.01,0.01,0.00,0.01,,,,284.51%,-65.80%,218.70%,,,,1440.00,15.49%,-4.72%,0.90,1.48%,1.42,1.42,1.42,1.42,
0x8feeaa5f3bcc9700fb8d44fc1ba018a958f67bfe,0.00,0.00,0.00,0.00,0.00,0.00,,,,193.82%,-32.81%,161.02%,,,,4140.00,51.28%,2.29%,0.46,0.75%,1.96,1.96,1.96,1.96,,,0.00,0.00,0.00,0.00,0.00,0.00,,,,193.82%,-32.81%,161.02%,,,,4140.00,51.28%,2.29%,0.46,0.75%,1.96,1.96,1.96,1.96,,,,,,,,,,,,,,,,,,,,,,,,,,,
0xb70c37c1e491d11e56f201da4f475cb5ed83849b,0.00,0.00,0.00,0.00,0.00,0.00,,,,186.50%,-32.60%,153.90%,,,,5400.00,71.60%,-0.86%,0.13,0.21%,0.01,0.01,0.01,0.01,,,0.00,0.00,0.00,0.00,0.00,0.00,,,,186.50%,-32.60%,153.90%,,,,5400.00,71.60%,-0.86%,0.13,0.21%,0.01,0.01,0.01,0.01,,,,,,,,,,,,,,,,,,,,,,,,,,,
0x1aa731b19dd22dc3521a5cfe153c93573e8226b0,1.19,-0.30,0.89,0.30,-0.08,0.22,0.24,0.07,0.17,196.81%,-47.34%,149.47%,8.13,-6.41,8.72,3825.00,48.76%,5.02%,9.34,15.32%,22.80,5.70,8.58,4.32,,,0.42,-0.13,0.29,0.42,-0.13,0.29,,,,398.96%,-124.08%,274.88%,,,,1560.00,16.88%,0.38%,8.88,14.58%,4.32,4.32,4.32,4.32,,,0.77,-0.17,0.60,0.26,-0.06,0.20,0.28,0.08,0.20,149.49%,-29.38%,120.12%,5.35,-3.73,5.93,4580.00,59.38%,6.57%,9.60,15.75%,18.47,6.16,8.58,4.86,
0xe18f94aef476ed9b929de3966ea55967666609ba,1.33,-0.40,0.93,0.17,-0.05,0.12,0.16,0.06,0.14,252.19%,-104.42%,147.77%,15.93,-18.94,10.91,1650.00,17.99%,-0.42%,5.56,9.13%,36.26,4.53,6.55,0.34,,,1.24,-0.38,0.87,0.18,-0.05,0.12,0.17,0.06,0.14,237.70%,-104.72%,132.99%,14.16,-17.79,9.21,1611.43,17.53%,0.06%,6.26,10.28%,29.71,4.24,6.22,0.34,,,0.09,-0.03,0.06,0.09,-0.03,0.06,,,,317.85%,-103.05%,214.80%,,,,1920.00,21.17%,-3.78%,1.61,2.64%,6.55,6.55,6.55,6.55,
0x33e3112a63d955a2e9605023a76de8856602af3e,0.01,-0.01,0.01,0.01,-0.01,0.01,,,,320.37%,-174.57%,145.80%,,,,1740.00,19.00%,2.06%,11.04,18.12%,0.15,0.15,0.15,0.15,,,,,,,,,,,,,,,,,,,,,,,,,,,,,0.01,-0.01,0.01,0.01,-0.01,0.01,,,,320.37%,-174.57%,145.80%,,,,1740.00,19.00%,2.06%,11.04,18.12%,0.15,0.15,0.15,0.15,
0x27aa7921f6374fceb2796fda04f922ae1fe23ba7,0.08,-0.03,0.05,0.03,-0.01,0.02,0.02,0.01,0.02,237.38%,-93.66%,143.72%,105.92,-119.36,67.35,2500.00,28.49%,0.86%,10.22,16.77%,1.22,0.41,0.57,0.21,,,,,,,,,,,,,,,,,,,,,,,,,,,,,0.08,-0.03,0.05,0.03,-0.01,0.02,0.02,0.01,0.02,237.38%,-93.66%,143.72%,105.92,-119.36,67.35,2500.00,28.49%,0.86%,10.22,16.77%,1.22,0.41,0.57,0.21,
0x263516adff2b4f741f0c7f9aeb17dea353ba1975,9.69,-5.66,4.02,0.44,-0.26,0.18,0.66,0.37,0.42,278.22%,-134.83%,143.39%,4.23,-3.62,3.43,1999.09,23.31%,1.43%,0.91,1.49%,1242.50,56.48,218.40,2.63,,,7.16,-4.79,2.37,0.36,-0.24,0.12,0.48,0.36,0.27,284.16%,-138.72%,145.43%,5.91,-3.85,5.41,1791.00,20.60%,1.65%,0.83,1.36%,1184.91,59.25,218.40,4.12,,,2.53,-0.87,1.66,1.26,-0.43,0.83,1.79,0.61,1.17,156.05%,-54.63%,101.42%,0.87,-0.89,0.87,4080.00,50.38%,-0.74%,10.12,16.60%,57.59,28.80,54.96,2.63,
0x77c16890a565ce3f04d5e843dd73682f3ae497c2,1.56,-0.16,1.39,1.56,-0.16,1.39,,,,159.61%,-16.89%,142.72%,,,,3660.00,44.19%,1.80%,27.02,44.33%,13.17,13.17,13.17,13.17,,,1.56,-0.16,1.39,1.56,-0.16,1.39,,,,159.61%,-16.89%,142.72%,,,,3660.00,44.19%,1.80%,27.02,44.33%,13.17,13.17,13.17,13.17,,,,,,,,,,,,,,,,,,,,,,,,,,,
0xae1232e2b2d00d782256489bd0f719dc90c63928,10.47,-2.93,7.53,10.47,-2.93,7.53,,,,192.87%,-54.01%,138.86%,,,,3300.00,39.09%,1.55%,23.60,38.72%,83.91,83.91,83.91,83.91,,,,,,,,,,,,,,,,,,,,,,,,,,,,,10.47,-2.93,7.53,10.47,-2.93,7.53,,,,192.87%,-54.01%,138.86%,,,,3300.00,39.09%,1.55%,23.60,38.72%,83.91,83.91,83.91,83.91,
0xdf40e1b6d2a3569e761927078e547e45bffc670d,0.06,-0.02,0.03,0.03,-0.01,0.02,0.04,0.02,0.02,227.99%,-95.44%,132.55%,57.88,-58.77,57.25,5370.00,76.94%,5.72%,9.44,15.49%,0.97,0.48,0.93,0.04,,,,,,,,,,,,,,,,,,,,,,,,,,,,,0.06,-0.02,0.03,0.03,-0.01,0.02,0.04,0.02,0.02,227.99%,-95.44%,132.55%,57.88,-58.77,57.25,5370.00,76.94%,5.72%,9.44,15.49%,0.97,0.48,0.93,0.04,
0xa367396df1b65f0800114eecef7b4d7a7ea98baa,22.85,-5.98,16.87,5.71,-1.50,4.22,8.69,1.17,7.78,382.19%,-250.58%,131.60%,0.44,-2.14,0.17,1905.00,21.07%,0.82%,10.08,16.53%,249.65,62.41,64.39,59.24,,,22.48,-5.91,16.58,7.49,-1.97,5.53,9.70,0.85,8.97,432.13%,-318.66%,113.47%,0.45,-3.77,0.13,1900.00,21.03%,0.83%,12.77,20.95%,186.67,62.22,64.39,59.24,,,0.37,-0.08,0.29,0.37,-0.08,0.29,,,,234.15%,-48.81%,185.34%,,,,1920.00,21.17%,0.78%,0.91,1.49%,62.98,62.98,62.98,62.98,
0xe044729acbac7f6f20f895b73d087aa5e7326f9d,0.28,-0.23,0.05,0.07,-0.06,0.01,0.07,0.06,0.06,570.95%,-443.77%,127.18%,78.21,-71.67,22.92,870.00,9.10%,1.30%,2.38,3.90%,6.80,1.70,3.02,0.68,,,0.22,-0.22,-0.01,0.11,-0.11,0.00,0.10,0.01,0.09,521.34%,-882.05%,-360.72%,53.22,-1159.46,-39.92,1020.00,10.74%,2.70%,4.85,7.96%,3.11,1.55,1.57,1.53,,,0.06,-0.01,0.05,0.03,0.00,0.03,0.02,0.00,0.02,612.65%,-75.37%,537.28%,399.80,-820.38,330.79,720.00,7.47%,-0.11%,0.94,1.55%,3.70,1.85,3.02,0.68,
0x0495f6a2e00d157b1cc59cb4f7ad967a2929a16d,0.03,0.00,0.03,0.03,0.00,0.03,,,,141.64%,-16.66%,124.99%,,,,5100.00,66.52%,4.39%,3.99,6.55%,2.13,2.13,2.13,2.13,,,0.03,0.00,0.03,0.03,0.00,0.03,,,,141.64%,-16.66%,124.99%,,,,5100.00,66.52%,4.39%,3.99,6.55%,2.13,2.13,2.13,2.13,,,,,,,,,,,,,,,,,,,,,,,,,,,
0x1c45d092cd268f5ec266785e06cb3434a2d75893,10.80,-5.56,5.25,3.60,-1.85,1.75,3.00,1.95,1.49,185.94%,-63.50%,122.44%,0.62,-0.33,0.82,1960.00,22.09%,1.71%,9.80,16.08%,234.76,78.25,94.69,66.70,,,10.62,-5.56,5.07,5.31,-2.78,2.53,0.69,1.57,0.87,170.41%,-88.10%,82.31%,2.46,-0.56,0.94,2130.00,24.34%,1.53%,13.22,21.69%,168.06,84.03,94.69,73.37,,,0.18,0.00,0.18,0.18,0.00,0.18,,,,225.06%,-1.50%,223.56%,,,,1620.00,17.59%,2.07%,0.44,0.73%,66.70,66.70,66.70,66.70,
0xc9a4a82a41b86933a26689214d2b7aa1bc1a061d,0.00,0.00,0.00,0.00,0.00,0.00,,,,256.67%,-137.38%,119.29%,,,,2100.00,23.37%,0.97%,1.22,2.00%,0.08,0.08,0.08,0.08,,,,,,,,,,,,,,,,,,,,,,,,,,,,,0.00,0.00,0.00,0.00,0.00,0.00,,,,256.67%,-137.38%,119.29%,,,,2100.00,23.37%,0.97%,1.22,2.00%,0.08,0.08,0.08,0.08,
0x7c78d154dbc33f8b180d4b68d990f90a41aba3ad,13.72,-2.32,11.40,13.72,-2.32,11.40,,,,139.70%,-23.62%,116.08%,,,,4380.00,54.96%,2.37%,25.39,41.66%,141.15,141.15,141.15,141.15,,,,,,,,,,,,,,,,,,,,,,,,,,,,,13.72,-2.32,11.40,13.72,-2.32,11.40,,,,139.70%,-23.62%,116.08%,,,,4380.00,54.96%,2.37%,25.39,41.66%,141.15,141.15,141.15,141.15,
0x055acb1b90797996b4fa1f7605e74b84887e3821,0.05,-0.01,0.04,0.05,-0.01,0.04,,,,140.84%,-26.04%,114.80%,,,,4560.00,57.77%,2.89%,12.27,20.14%,1.04,1.04,1.04,1.04,,,,,,,,,,,,,,,,,,,,,,,,,,,,,0.05,-0.01,0.04,0.05,-0.01,0.04,,,,140.84%,-26.04%,114.80%,,,,4560.00,57.77%,2.89%,12.27,20.14%,1.04,1.04,1.04,1.04,
0x0267cef0e0ad7e46b067a0f00624ae387e4eaccf,0.00,0.00,0.00,0.00,0.00,0.00,,,,147.12%,-33.77%,113.35%,,,,4080.00,50.38%,-0.11%,4.82,7.91%,0.14,0.14,0.14,0.14,,,0.00,0.00,0.00,0.00,0.00,0.00,,,,147.12%,-33.77%,113.35%,,,,4080.00,50.38%,-0.11%,4.82,7.91%,0.14,0.14,0.14,0.14,,,,,,,,,,,,,,,,,,,,,,,,,,,
0x4c2a6c5d15502c41c4d290f5ddd600878ff31da3,0.27,0.00,0.27,0.27,0.00,0.27,,,,107.15%,0.00%,107.15%,,,,660.00,6.82%,3.53%,9.53,15.63%,9.67,9.67,9.67,9.67,,,0.27,0.00,0.27,0.27,0.00,0.27,,,,107.15%,0.00%,107.15%,,,,660.00,6.82%,3.53%,9.53,15.63%,9.67,9.67,9.67,9.67,,,,,,,,,,,,,,,,,,,,,,,,,,,
0x8fd2b7735f87801128e6b60dbe7f2d40c820adaf,0.13,-0.03,0.10,0.06,-0.02,0.05,0.07,0.01,0.06,149.66%,-42.84%,106.82%,20.82,-31.03,18.39,3960.00,48.58%,8.46%,37.49,61.52%,0.84,0.42,0.67,0.17,,,,,,,,,,,,,,,,,,,,,,,,,,,,,0.13,-0.03,0.10,0.06,-0.02,0.05,0.07,0.01,0.06,149.66%,-42.84%,106.82%,20.82,-31.03,18.39,3960.00,48.58%,8.46%,37.49,61.52%,0.84,0.42,0.67,0.17,
0x0fd836498dae73e1f561de16be39f262893b4be0,1.29,-0.45,0.83,0.32,-0.11,0.21,0.59,0.19,0.41,188.54%,-86.12%,102.41%,3.18,-4.60,2.52,3000.00,34.98%,1.14%,38.17,62.62%,6.40,1.60,5.09,0.13,,,,,,,,,,,,,,,,,,,,,,,,,,,,,1.29,-0.45,0.83,0.32,-0.11,0.21,0.59,0.19,0.41,188.54%,-86.12%,102.41%,3.18,-4.60,2.52,3000.00,34.98%,1.14%,38.17,62.62%,6.40,1.60,5.09,0.13,
0xaa546cfc5704a73cb05ab3eb0eb7ee06ba3d2692,0.07,0.00,0.07,0.07,0.00,0.07,,,,103.74%,-1.75%,101.99%,,,,3180.00,37.44%,4.57%,41.94,68.80%,0.57,0.57,0.57,0.57,,,0.07,0.00,0.07,0.07,0.00,0.07,,,,103.74%,-1.75%,101.99%,,,,3180.00,37.44%,4.57%,41.94,68.80%,0.57,0.57,0.57,0.57,,,,,,,,,,,,,,,,,,,,,,,,,,,
0x288ec12df523fb9c5d980d069746ba51886f93b6,0.65,-0.03,0.61,0.22,-0.01,0.20,0.02,0.02,0.01,108.54%,-8.44%,100.10%,45.59,-5.30,127.25,5880.00,83.02%,-1.03%,19.89,32.63%,11.32,3.77,5.41,1.59,,,0.20,0.00,0.20,0.20,0.00,0.20,,,,66.52%,-0.49%,66.03%,,,,8400.00,131.63%,1.80%,25.59,41.99%,4.32,4.32,4.32,4.32,,,0.45,-0.03,0.41,0.22,-0.02,0.21,0.03,0.02,0.01,134.49%,-13.36%,121.13%,47.03,-7.01,127.05,4620.00,58.72%,-2.44%,17.80,29.21%,7.00,3.50,5.41,1.59,
0xd16906c9fd5318f374fb8a54ecc1e3b5199184db,0.06,-0.01,0.04,0.03,-0.01,0.02,0.03,0.00,0.03,182.93%,-83.32%,99.60%,54.89,-244.81,33.29,4020.00,49.48%,1.39%,16.37,26.86%,0.73,0.36,0.51,0.22,,,,,,,,,,,,,,,,,,,,,,,,,,,,,0.06,-0.01,0.04,0.03,-0.01,0.02,0.03,0.00,0.03,182.93%,-83.32%,99.60%,54.89,-244.81,33.29,4020.00,49.48%,1.39%,16.37,26.86%,0.73,0.36,0.51,0.22,
0x447d07d1a1ed9d25680175a3ff982a15e02603bc,0.00,0.00,0.00,0.00,0.00,0.00,,,,105.99%,-6.98%,99.02%,,,,5280.00,69.55%,5.34%,36.97,60.65%,0.04,0.04,0.04,0.04,,,,,,,,,,,,,,,,,,,,,,,,,,,,,0.00,0.00,0.00,0.00,0.00,0.00,,,,105.99%,-6.98%,99.02%,,,,5280.00,69.55%,5.34%,36.97,60.65%,0.04,0.04,0.04,0.04,
0x727300bd4c367fdd2e2ce328aa24dfb46fe15388,0.01,0.00,0.01,0.01,0.00,0.00,0.01,0.00,0.00,133.39%,-35.24%,98.15%,211.03,-194.91,217.49,5610.00,76.70%,-9.89%,13.21,21.67%,0.26,0.13,0.20,0.06,,,,,,,,,,,,,,,,,,,,,,,,,,,,,0.01,0.00,0.01,0.01,0.00,0.00,0.01,0.00,0.00,133.39%,-35.24%,98.15%,211.03,-194.91,217.49,5610.00,76.70%,-9.89%,13.21,21.67%,0.26,0.13,0.20,0.06,
0xdff7bcff342a0ca36cce7894b53f6d3da650ec73,2.79,-1.50,1.28,0.46,-0.25,0.21,0.40,0.42,0.54,221.92%,-125.67%,96.26%,5.54,-2.96,1.78,1780.00,20.06%,0.72%,6.74,11.06%,77.74,12.96,24.76,1.06,,,2.63,-1.35,1.28,0.53,-0.27,0.26,0.42,0.47,0.60,198.85%,-88.79%,110.06%,4.78,-1.88,1.85,1812.00,20.55%,0.81%,7.52,12.34%,67.17,13.43,24.76,1.06,,,0.16,-0.16,0.00,0.16,-0.16,0.00,,,,368.58%,-360.02%,8.56%,,,,1620.00,17.59%,0.26%,1.50,2.46%,10.57,10.57,10.57,10.57,
0x7bb0241191b56bc8e9854732bb94e88a3078a8e2,0.09,-0.02,0.07,0.04,-0.01,0.04,0.05,0.01,0.04,125.44%,-30.64%,94.80%,25.35,-39.90,22.68,8040.00,123.44%,8.88%,5.77,9.47%,5.89,2.95,3.99,1.90,,,0.09,-0.02,0.07,0.04,-0.01,0.04,0.05,0.01,0.04,125.44%,-30.64%,94.80%,25.35,-39.90,22.68,8040.00,123.44%,8.88%,5.77,9.47%,5.89,2.95,3.99,1.90,,,,,,,,,,,,,,,,,,,,,,,,,,,
0x7d247930a3942a7b7078bf93934fc1e6e93ede6e,0.08,-0.01,0.07,0.08,-0.01,0.07,,,,109.01%,-17.81%,91.20%,,,,5820.00,78.96%,2.65%,2.71,4.45%,10.04,10.04,10.04,10.04,,,0.08,-0.01,0.07,0.08,-0.01,0.07,,,,109.01%,-17.81%,91.20%,,,,5820.00,78.96%,2.65%,2.71,4.45%,10.04,10.04,10.04,10.04,,,,,,,,,,,,,,,,,,,,,,,,,,,
0x2fbe46021ab1d3bb814d2fc6fde92e6f00b72836,1.93,-0.69,1.24,0.96,-0.34,0.62,0.17,0.08,0.09,139.04%,-48.44%,90.60%,8.13,-6.08,9.93,5130.00,67.75%,3.83%,18.53,30.40%,28.12,14.06,18.56,9.56,,,1.09,-0.40,0.68,1.09,-0.40,0.68,,,,105.61%,-38.97%,66.63%,,,,6060.00,83.30%,6.36%,39.24,64.38%,9.56,9.56,9.56,9.56,,,0.84,-0.29,0.56,0.84,-0.29,0.56,,,,156.27%,-53.32%,102.95%,,,,4200.00,52.19%,1.29%,10.62,17.42%,18.56,18.56,18.56,18.56,
0xe4e565c4a2a5050ba1020314c76420dd52d88cd6,0.00,0.00,0.00,0.00,0.00,0.00,,,,119.36%,-29.39%,89.97%,,,,5400.00,71.60%,5.22%,13.52,22.19%,0.05,0.05,0.05,0.05,,,,,,,,,,,,,,,,,,,,,,,,,,,,,0.00,0.00,0.00,0.00,0.00,0.00,,,,119.36%,-29.39%,89.97%,,,,5400.00,71.60%,5.22%,13.52,22.19%,0.05,0.05,0.05,0.05,
0xf207e69a7cc3b4a00fec3039891a77b3df8c3577,0.61,-0.39,0.23,0.61,-0.39,0.23,,,,243.06%,-153.59%,89.47%,,,,2400.00,27.12%,1.90%,19.85,32.57%,4.63,4.63,4.63,4.63,,,,,,,,,,,,,,,,,,,,,,,,,,,,,0.61,-0.39,0.23,0.61,-0.39,0.23,,,,243.06%,-153.59%,89.47%,,,,2400.00,27.12%,1.90%,19.85,32.57%,4.63,4.63,4.63,4.63,
0x9a42e44e79ebded32346a55b1cc374619d224915,0.01,0.00,0.01,0.01,0.00,0.01,,,,96.07%,-6.93%,89.14%,,,,4260.00,53.11%,4.61%,9.26,15.20%,0.36,0.36,0.36,0.36,,,0.01,0.00,0.01,0.01,0.00,0.01,,,,96.07%,-6.93%,89.14%,,,,4260.00,53.11%,4.61%,9.26,15.20%,0.36,0.36,0.36,0.36,,,,,,,,,,,,,,,,,,,,,,,,,,,
0xeeafa27955d69a543e4cd271f810d334c6d47c47,0.01,0.00,0.01,0.01,0.00,0.00,0.00,0.00,0.00,104.92%,-16.63%,88.29%,225.20,-70.95,381.36,4230.00,52.67%,3.46%,0.19,0.31%,23.01,11.50,12.09,10.92,,,0.00,0.00,0.00,0.00,0.00,0.00,,,,136.63%,-2.06%,134.57%,,,,4080.00,50.38%,4.52%,0.05,0.08%,10.92,10.92,10.92,10.92,,,0.01,0.00,0.01,0.01,0.00,0.01,,,,76.27%,-29.79%,46.48%,,,,4380.00,54.96%,2.40%,0.34,0.56%,12.09,12.09,12.09,12.09,
0xcab0edd72491cbac069c6fdc4229e044fe894b58,0.01,-0.01,0.01,0.01,0.00,0.00,0.01,0.01,0.00,167.29%,-80.49%,86.81%,206.53,-136.23,396.06,3630.00,44.47%,-3.98%,5.45,8.95%,0.53,0.27,0.28,0.26,,,0.00,0.00,0.00,0.00,0.00,0.00,,,,104.16%,-11.61%,92.55%,,,,4620.00,58.72%,-6.39%,1.91,3.14%,0.28,0.28,0.28,0.28,,,0.01,-0.01,0.00,0.01,-0.01,0.00,,,,235.28%,-154.66%,80.62%,,,,2640.00,30.21%,-1.57%,7.82,12.84%,0.26,0.26,0.26,0.26,
0x7c930969fcf3e5a5c78bcf2e1cefda3f53e3c8fd,0.01,-0.01,0.00,0.00,0.00,0.00,0.00,0.00,0.00,162.15%,-75.63%,86.52%,525.85,-197.55,187.50,2520.00,30.06%,1.17%,0.08,0.13%,26.37,8.79,12.02,2.92,,,0.01,-0.01,0.00,0.00,0.00,0.00,0.00,0.00,0.00,162.15%,-75.63%,86.52%,525.85,-197.55,187.50,2520.00,30.06%,1.17%,0.08,0.13%,26.37,8.79,12.02,2.92,,,,,,,,,,,,,,,,,,,,,,,,,,,
0x4a84dd98e7c5998646b85b3b4f5c5b542ac9bf1b,0.04,0.00,0.04,0.04,0.00,0.04,,,,92.14%,-10.64%,81.51%,,,,8640.00,137.25%,12.81%,6.94,11.38%,2.37,2.37,2.37,2.37,,,0.04,0.00,0.04,0.04,0.00,0.04,,,,92.14%,-10.64%,81.51%,,,,8640.00,137.25%,12.81%,6.94,11.38%,2.37,2.37,2.37,2.37,,,,,,,,,,,,,,,,,,,,,,,,,,,
0x6c4cfcb798f1f80ca6fbb713e6457cf2b594a26a,5.75,-8.97,-3.23,1.44,-2.24,-0.81,1.68,4.49,2.94,120.16%,-38.84%,81.32%,0.72,-0.09,0.28,1050.00,11.14%,-1.03%,26.03,42.70%,169.19,42.30,59.59,2.21,,,5.75,-8.97,-3.23,1.44,-2.24,-0.81,1.68,4.49,2.94,120.16%,-38.84%,81.32%,0.72,-0.09,0.28,1050.00,11.14%,-1.03%,26.03,42.70%,169.19,42.30,59.59,2.21,,,,,,,,,,,,,,,,,,,,,,,,,,,
0xee63001c0b591bdf3ded155a48d74160ee5a7324,1.37,-0.87,0.50,0.68,-0.44,0.25,0.84,0.62,0.22,131.33%,-52.63%,78.70%,1.57,-0.85,3.58,6600.00,97.51%,6.00%,10.14,16.64%,40.68,20.34,21.36,19.32,,,0.09,0.00,0.09,0.09,0.00,0.09,,,,114.81%,-0.31%,114.50%,,,,8640.00,137.25%,9.19%,1.53,2.52%,19.32,19.32,19.32,19.32,,,1.28,-0.87,0.40,1.28,-0.87,0.40,,,,146.27%,-99.97%,46.30%,,,,4560.00,57.77%,2.80%,14.92,24.47%,21.36,21.36,21.36,21.36,
0x9f67b28a586d62d3b629d49ca4e480055a71f8f2,0.08,-0.02,0.06,0.02,0.00,0.02,0.02,0.01,0.01,95.85%,-17.86%,77.99%,58.33,-35.06,65.35,6180.00,85.52%,18.40%,33.90,55.62%,0.89,0.22,0.37,0.07,,,,,,,,,,,,,,,,,,,,,,,,,,,,,0.08,-0.02,0.06,0.02,0.00,0.02,0.02,0.01,0.01,95.85%,-17.86%,77.99%,58.33,-35.06,65.35,6180.00,85.52%,18.40%,33.90,55.62%,0.89,0.22,0.37,0.07,
0x44646854d293b4686189ba8e77bb68cfe01a24fe,0.00,0.00,0.00,0.00,0.00,0.00,,,,93.59%,-17.73%,75.86%,,,,7080.00,102.99%,3.12%,25.10,41.18%,0.00,0.00,0.00,0.00,,,,,,,,,,,,,,,,,,,,,,,,,,,,,0.00,0.00,0.00,0.00,0.00,0.00,,,,93.59%,-17.73%,75.86%,,,,7080.00,102.99%,3.12%,25.10,41.18%,0.00,0.00,0.00,0.00,
0x365f45298ae6039143c113eb4ad89c7227818aac,0.20,-0.09,0.12,0.20,-0.09,0.12,,,,128.92%,-54.63%,74.29%,,,,4920.00,63.55%,9.05%,12.95,21.24%,4.46,4.46,4.46,4.46,,,,,,,,,,,,,,,,,,,,,,,,,,,,,0.20,-0.09,0.12,0.20,-0.09,0.12,,,,128.92%,-54.63%,74.29%,,,,4920.00,63.55%,9.05%,12.95,21.24%,4.46,4.46,4.46,4.46,
0xde408e22151b1f8c68788aab13e86e9136c461d7,0.00,0.00,0.00,0.00,0.00,0.00,,,,122.62%,-48.84%,73.78%,,,,13860.00,299.85%,24.63%,0.33,0.55%,0.21,0.21,0.21,0.21,,,0.00,0.00,0.00,0.00,0.00,0.00,,,,122.62%,-48.84%,73.78%,,,,13860.00,299.85%,24.63%,0.33,0.55%,0.21,0.21,0.21,0.21,,,,,,,,,,,,,,,,,,,,,,,,,,,
0xdeef43e0ec354edc75b520886f90d17bb023fba7,0.02,0.00,0.01,0.02,0.00,0.01,,,,88.35%,-16.95%,71.40%,,,,1560.00,16.88%,0.52%,0.80,1.31%,9.49,9.49,9.49,9.49,,,0.02,0.00,0.01,0.02,0.00,0.01,,,,88.35%,-16.95%,71.40%,,,,1560.00,16.88%,0.52%,0.80,1.31%,9.49,9.49,9.49,9.49,,,,,,,,,,,,,,,,,,,,,,,,,,,
0xbdf5a9e1470a439f8e479e14ff98e471f59cd7e4,20.46,-1.01,19.45,5.12,-0.25,4.86,3.54,0.28,3.35,74.61%,-3.72%,70.90%,0.21,-0.13,0.21,5655.00,80.01%,22.23%,10.27,16.85%,781.91,195.48,284.56,162.11,,,20.46,-1.01,19.45,5.12,-0.25,4.86,3.54,0.28,3.35,74.61%,-3.72%,70.90%,0.21,-0.13,0.21,5655.00,80.01%,22.23%,10.27,16.85%,781.91,195.48,284.56,162.11,,,,,,,,,,,,,,,,,,,,,,,,,,,
0x0b5654c15f1f8200083c2d9298ae9ac08fcad2a4,0.75,-0.21,0.54,0.38,-0.11,0.27,0.40,0.10,0.30,101.70%,-31.21%,70.49%,2.56,-3.26,2.33,6420.00,90.02%,-0.62%,36.14,59.30%,7.60,3.80,5.35,2.25,,,,,,,,,,,,,,,,,,,,,,,,,,,,,0.75,-0.21,0.54,0.38,-0.11,0.27,0.40,0.10,0.30,101.70%,-31.21%,70.49%,2.56,-3.26,2.33,6420.00,90.02%,-0.62%,36.14,59.30%,7.60,3.80,5.35,2.25,
0xfe12b13abb016132c4de1a10bd9a74af7b99a19a,0.02,0.00,0.02,0.02,0.00,0.02,,,,86.54%,-16.06%,70.48%,,,,7620.00,114.25%,24.09%,24.97,40.97%,0.41,0.41,0.41,0.41,,,,,,,,,,,,,,,,,,,,,,,,,,,,,0.02,0.00,0.02,0.02,0.00,0.02,,,,86.54%,-16.06%,70.48%,,,,7620.00,114.25%,24.09%,24.97,40.97%,0.41,0.41,0.41,0.41,
0x0401343c50ff963a7b02b20b31fa9b0b159354d4,3.74,-1.16,2.58,1.25,-0.39,0.86,0.86,0.47,0.65,95.28%,-25.62%,69.66%,1.11,-0.54,1.07,10980.00,310.29%,37.14%,37.76,61.95%,38.75,12.92,13.82,12.26,,,0.28,-0.14,0.15,0.28,-0.14,0.15,,,,51.47%,-24.93%,26.54%,,,,21720.00,777.49%,117.26%,15.85,26.01%,12.68,12.68,12.68,12.68,,,3.45,-1.02,2.43,1.73,-0.51,1.22,0.30,0.60,0.30,116.58%,-25.96%,90.62%,3.90,-0.43,3.03,5610.00,76.70%,-2.93%,40.97,67.22%,26.08,13.04,13.82,12.26,
0xbc8159917e892e0911e9f167c9e3af221fecffae,6.92,-0.94,5.98,1.73,-0.24,1.49,3.30,0.40,2.90,182.29%,-114.32%,67.98%,0.55,-2.89,0.23,2190.00,24.93%,2.19%,2.01,3.30%,364.12,91.03,101.62,62.33,,,6.92,-0.94,5.98,1.73,-0.24,1.49,3.30,0.40,2.90,182.29%,-114.32%,67.98%,0.55,-2.89,0.23,2190.00,24.93%,2.19%,2.01,3.30%,364.12,91.03,101.62,62.33,,,,,,,,,,,,,,,,,,,,,,,,,,,
0x7c7f0649abeeba4ee4c5156d9ff9e110e12217f5,0.03,0.00,0.03,0.02,0.00,0.01,0.01,0.00,0.01,79.81%,-11.96%,67.85%,96.51,-76.70,69.03,4800.00,61.71%,0.86%,0.40,0.66%,37.14,18.57,26.86,10.28,,,0.01,0.00,0.01,0.01,0.00,0.01,,,,102.22%,-33.42%,68.80%,,,,4440.00,55.89%,2.00%,0.36,0.59%,10.28,10.28,10.28,10.28,,,0.02,0.00,0.02,0.02,0.00,0.02,,,,71.23%,-3.75%,67.48%,,,,5160.00,67.53%,-0.28%,0.42,0.69%,26.86,26.86,26.86,26.86,
0x5d3f81ad171616571bf3119a3120e392b914fd7c,1.01,-0.08,0.93,1.01,-0.08,0.93,,,,73.15%,-6.13%,67.02%,,,,8340.00,130.24%,24.70%,28.75,47.16%,17.58,17.58,17.58,17.58,,,,,,,,,,,,,,,,,,,,,,,,,,,,,1.01,-0.08,0.93,1.01,-0.08,0.93,,,,73.15%,-6.13%,67.02%,,,,8340.00,130.24%,24.70%,28.75,47.16%,17.58,17.58,17.58,17.58,
0x1711d0178c219f33428614163f50275a8954793b,0.30,-0.09,0.21,0.06,-0.02,0.04,0.11,0.03,0.08,101.89%,-35.44%,66.45%,9.14,-12.76,7.89,6180.00,85.69%,8.60%,21.68,35.57%,5.13,1.03,2.48,0.29,,,0.03,-0.01,0.02,0.01,0.00,0.01,0.01,0.00,0.01,116.88%,-27.55%,89.33%,127.12,-92.16,139.73,5940.00,81.28%,3.71%,4.15,6.81%,1.85,0.62,0.79,0.29,,,0.27,-0.08,0.19,0.14,-0.04,0.10,0.17,0.04,0.14,93.39%,-39.91%,53.48%,5.41,-10.78,3.95,6540.00,92.32%,15.93%,33.50,54.96%,3.27,1.64,2.48,0.79,
0x221fdb03f728ecedcf316d8094f6ceea672529c2,0.35,-0.23,0.13,0.35,-0.23,0.13,,,,186.32%,-120.22%,66.11%,,,,4440.00,55.89%,2.56%,21.18,34.75%,3.28,3.28,3.28,3.28,,,0.35,-0.23,0.13,0.35,-0.23,0.13,,,,186.32%,-120.22%,66.11%,,,,4440.00,55.89%,2.56%,21.18,34.75%,3.28,3.28,3.28,3.28,,,,,,,,,,,,,,,,,,,,,,,,,,,
0x43da302270e8e62b0c8949d3a0654446a9472625,0.01,0.00,0.01,0.01,0.00,0.01,,,,90.70%,-24.69%,66.01%,,,,3480.00,41.62%,1.45%,7.96,13.05%,0.64,0.64,0.64,0.64,,,0.01,0.00,0.01,0.01,0.00,0.01,,,,90.70%,-24.69%,66.01%,,,,3480.00,41.62%,1.45%,7.96,13.05%,0.64,0.64,0.64,0.64,,,,,,,,,,,,,,,,,,,,,,,,,,,
0xaea898ad4d37f1b7d65a5291dfc604b10a216695,0.03,-0.01,0.02,0.03,-0.01,0.02,,,,119.50%,-55.91%,63.59%,,,,7380.00,109.17%,10.94%,2.31,3.80%,3.80,3.80,3.80,3.80,,,0.03,-0.01,0.02,0.03,-0.01,0.02,,,,119.50%,-55.91%,63.59%,,,,7380.00,109.17%,10.94%,2.31,3.80%,3.80,3.80,3.80,3.80,,,,,,,,,,,,,,,,,,,,,,,,,,,
0xb7e7e158e1ceb4a5d54dc0a2b7192e845c771151,0.18,-0.09,0.10,0.18,-0.09,0.10,,,,113.69%,-53.16%,60.53%,,,,5940.00,81.12%,37.83%,15.84,25.99%,3.70,3.70,3.70,3.70,,,,,,,,,,,,,,,,,,,,,,,,,,,,,0.18,-0.09,0.10,0.18,-0.09,0.10,,,,113.69%,-53.16%,60.53%,,,,5940.00,81.12%,37.83%,15.84,25.99%,3.70,3.70,3.70,3.70,
0xb3b0f105b8b02e06a4058f6ed632b491e577ebe1,0.00,0.00,0.00,0.00,0.00,0.00,,,,282.84%,-224.35%,58.48%,,,,960.00,10.08%,-0.59%,0.25,0.41%,0.15,0.15,0.15,0.15,,,,,,,,,,,,,,,,,,,,,,,,,,,,,0.00,0.00,0.00,0.00,0.00,0.00,,,,282.84%,-224.35%,58.48%,,,,960.00,10.08%,-0.59%,0.25,0.41%,0.15,0.15,0.15,0.15,
0xee0427cf52a092b148818b05b8c2867e067433b4,0.21,-0.10,0.11,0.05,-0.02,0.03,0.03,0.02,0.02,113.57%,-55.39%,58.19%,43.62,-27.17,30.31,5520.00,73.67%,12.92%,32.28,52.97%,2.13,0.53,0.58,0.47,,,,,,,,,,,,,,,,,,,,,,,,,,,,,0.21,-0.10,0.11,0.05,-0.02,0.03,0.03,0.02,0.02,113.57%,-55.39%,58.19%,43.62,-27.17,30.31,5520.00,73.67%,12.92%,32.28,52.97%,2.13,0.53,0.58,0.47,
0x644906612e2f14940388c91c41f01cbc124ee04c,0.00,0.00,0.00,0.00,0.00,0.00,,,,67.24%,-10.23%,57.01%,,,,10260.00,178.97%,51.59%,11.89,19.50%,0.23,0.23,0.23,0.23,,,,,,,,,,,,,,,,,,,,,,,,,,,,,0.00,0.00,0.00,0.00,0.00,0.00,,,,67.24%,-10.23%,57.01%,,,,10260.00,178.97%,51.59%,11.89,19.50%,0.23,0.23,0.23,0.23,
0xadba985ef8f265bbe8a969888e36801558aebc82,2.27,-1.04,1.23,2.27,-1.04,1.23,,,,104.07%,-47.65%,56.43%,,,,5940.00,81.12%,-0.28%,40.13,65.83%,19.80,19.80,19.80,19.80,,,,,,,,,,,,,,,,,,,,,,,,,,,,,2.27,-1.04,1.23,2.27,-1.04,1.23,,,,104.07%,-47.65%,56.43%,,,,5940.00,81.12%,-0.28%,40.13,65.83%,19.80,19.80,19.80,19.80,
0x5d15d6294889118e46ef614dd0ec18ad07fe5efc,0.00,0.00,0.00,0.00,0.00,0.00,,,,55.83%,0.00%,55.83%,,,,1080.00,11.40%,-5.82%,1.71,2.80%,0.90,0.90,0.90,0.90,,,,,,,,,,,,,,,,,,,,,,,,,,,,,0.00,0.00,0.00,0.00,0.00,0.00,,,,55.83%,0.00%,55.83%,,,,1080.00,11.40%,-5.82%,1.71,2.80%,0.90,0.90,0.90,0.90,
0x293de39f74c5b0b34d706b74d4d75cd7f6d5b712,0.02,0.00,0.02,0.01,0.00,0.01,0.02,0.00,0.01,89.26%,-33.62%,55.63%,56.48,-124.59,42.45,7380.00,109.17%,0.38%,25.25,41.42%,0.39,0.20,0.35,0.04,,,,,,,,,,,,,,,,,,,,,,,,,,,,,0.02,0.00,0.02,0.01,0.00,0.01,0.02,0.00,0.01,89.26%,-33.62%,55.63%,56.48,-124.59,42.45,7380.00,109.17%,0.38%,25.25,41.42%,0.39,0.20,0.35,0.04,
0x898a78f44156a548cb09295e08e7fe31b6bb89fa,1.56,-0.83,0.72,0.78,-0.42,0.36,1.02,0.58,0.44,115.30%,-60.54%,54.76%,1.13,-1.04,1.25,4680.00,59.68%,8.11%,57.05,93.61%,8.62,4.31,8.15,0.48,,,,,,,,,,,,,,,,,,,,,,,,,,,,,1.56,-0.83,0.72,0.78,-0.42,0.36,1.02,0.58,0.44,115.30%,-60.54%,54.76%,1.13,-1.04,1.25,4680.00,59.68%,8.11%,57.05,93.61%,8.62,4.31,8.15,0.48,
0xb3aa9923489bc2bfec323bf05346acd4afbc92a0,4.03,-1.43,2.60,2.02,-0.72,1.30,1.89,0.88,2.78,215.31%,-161.50%,53.81%,1.14,-1.83,0.19,3810.00,46.37%,5.44%,0.74,1.21%,813.93,406.97,411.91,402.03,,,4.03,-1.43,2.60,2.02,-0.72,1.30,1.89,0.88,2.78,215.31%,-161.50%,53.81%,1.14,-1.83,0.19,3810.00,46.37%,5.44%,0.74,1.21%,813.93,406.97,411.91,402.03,,,,,,,,,,,,,,,,,,,,,,,,,,,
0x58f19d7c5eedb96cf063abf87a2b8866939d64ba,0.00,0.00,0.00,0.00,0.00,0.00,,,,61.29%,-9.11%,52.18%,,,,6120.00,84.41%,23.67%,0.40,0.66%,1.57,1.57,1.57,1.57,,,,,,,,,,,,,,,,,,,,,,,,,,,,,0.00,0.00,0.00,0.00,0.00,0.00,,,,61.29%,-9.11%,52.18%,,,,6120.00,84.41%,23.67%,0.40,0.66%,1.57,1.57,1.57,1.57,
0xe597dcab464993af05402dd8310f3f85291efdb6,0.08,-0.03,0.05,0.08,-0.03,0.05,,,,80.38%,-28.30%,52.09%,,,,7560.00,112.97%,17.36%,40.55,66.53%,0.93,0.93,0.93,0.93,,,,,,,,,,,,,,,,,,,,,,,,,,,,,0.08,-0.03,0.05,0.08,-0.03,0.05,,,,80.38%,-28.30%,52.09%,,,,7560.00,112.97%,17.36%,40.55,66.53%,0.93,0.93,0.93,0.93,
0x4a5e1b677a5270800e791bf1bc3f288ec311099b,0.04,-0.01,0.04,0.02,0.00,0.02,0.01,0.00,0.01,60.75%,-8.89%,51.86%,52.56,-62.09,51.22,10500.00,185.75%,36.39%,37.81,62.04%,0.65,0.33,0.38,0.27,,,,,,,,,,,,,,,,,,,,,,,,,,,,,0.04,-0.01,0.04,0.02,0.00,0.02,0.01,0.00,0.01,60.75%,-8.89%,51.86%,52.56,-62.09,51.22,10500.00,185.75%,36.39%,37.81,62.04%,0.65,0.33,0.38,0.27,
0xbc49f7a1fa861cf65bd87399057dd70c542de0aa,1.59,-1.26,0.33,0.40,-0.32,0.08,0.39,0.30,0.08,408.44%,-356.82%,51.62%,10.60,-11.71,6.17,1170.00,12.59%,-0.33%,5.65,9.27%,30.62,7.65,9.48,4.29,,,1.59,-1.26,0.33,0.40,-0.32,0.08,0.39,0.30,0.08,408.44%,-356.82%,51.62%,10.60,-11.71,6.17,1170.00,12.59%,-0.33%,5.65,9.27%,30.62,7.65,9.48,4.29,,,,,,,,,,,,,,,,,,,,,,,,,,,
0xf7fe5006d251e6ffce34083acbd61ae57da4e96a,0.08,-0.05,0.03,0.08,-0.05,0.03,,,,133.13%,-81.58%,51.55%,,,,2640.00,30.21%,-4.87%,27.73,45.50%,0.75,0.75,0.75,0.75,,,0.08,-0.05,0.03,0.08,-0.05,0.03,,,,133.13%,-81.58%,51.55%,,,,2640.00,30.21%,-4.87%,27.73,45.50%,0.75,0.75,0.75,0.75,,,,,,,,,,,,,,,,,,,,,,,,,,,
0xf74bb54823e60604d7e961444a4bef4cecc67c97,0.05,-0.01,0.04,0.02,0.00,0.01,0.01,0.00,0.01,71.10%,-19.90%,51.19%,62.33,-74.79,48.17,9120.00,148.92%,47.36%,32.52,53.36%,0.78,0.26,0.40,0.19,,,,,,,,,,,,,,,,,,,,,,,,,,,,,0.05,-0.01,0.04,0.02,0.00,0.01,0.01,0.00,0.01,71.10%,-19.90%,51.19%,62.33,-74.79,48.17,9120.00,148.92%,47.36%,32.52,53.36%,0.78,0.26,0.40,0.19,
0x95b47fa438762af1856a2d7dd68ef80af90c4ea9,0.12,-0.01,0.12,0.12,-0.01,0.12,,,,54.32%,-3.27%,51.05%,,,,12000.00,231.99%,67.07%,29.65,48.65%,2.79,2.79,2.79,2.79,,,,,,,,,,,,,,,,,,,,,,,,,,,,,0.12,-0.01,0.12,0.12,-0.01,0.12,,,,54.32%,-3.27%,51.05%,,,,12000.00,231.99%,67.07%,29.65,48.65%,2.79,2.79,2.79,2.79,
0x2b30e3f8b9bf38ca581d1bd1bbe3350a2f24b366,0.22,-0.09,0.13,0.22,-0.09,0.13,,,,85.30%,-34.37%,50.93%,,,,7740.00,116.83%,19.24%,11.49,18.85%,8.35,8.35,8.35,8.35,,,,,,,,,,,,,,,,,,,,,,,,,,,,,0.22,-0.09,0.13,0.22,-0.09,0.13,,,,85.30%,-34.37%,50.93%,,,,7740.00,116.83%,19.24%,11.49,18.85%,8.35,8.35,8.35,8.35,
0xea753e4612e2bf9e7458f16025a4638c4d495b91,0.00,0.00,0.00,0.00,0.00,0.00,,,,55.50%,-4.97%,50.53%,,,,5580.00,74.71%,-9.86%,0.01,0.01%,1.13,1.13,1.13,1.13,,,,,,,,,,,,,,,,,,,,,,,,,,,,,0.00,0.00,0.00,0.00,0.00,0.00,,,,55.50%,-4.97%,50.53%,,,,5580.00,74.71%,-9.86%,0.01,0.01%,1.13,1.13,1.13,1.13,
0x99e1376e43dabaa36afd58d3640024565a11b781,0.04,0.00,0.04,0.04,0.00,0.04,,,,52.72%,-2.71%,50.01%,,,,11640.00,220.25%,81.42%,27.16,44.56%,1.12,1.12,1.12,1.12,,,0.04,0.00,0.04,0.04,0.00,0.04,,,,52.72%,-2.71%,50.01%,,,,11640.00,220.25%,81.42%,27.16,44.56%,1.12,1.12,1.12,1.12,,,,,,,,,,,,,,,,,,,,,,,,,,,
0x22e95b783e3e29399a42d9beb17c8bee7a52a814,0.00,0.00,0.00,0.00,0.00,0.00,,,,66.05%,-16.22%,49.83%,,,,10620.00,189.20%,67.71%,11.80,19.37%,0.15,0.15,0.15,0.15,,,,,,,,,,,,,,,,,,,,,,,,,,,,,0.00,0.00,0.00,0.00,0.00,0.00,,,,66.05%,-16.22%,49.83%,,,,10620.00,189.20%,67.71%,11.80,19.37%,0.15,0.15,0.15,0.15,
0x7948a392c7c96c419a3a4b950a0e757d59cddc00,0.67,-0.39,0.28,0.67,-0.39,0.28,,,,117.93%,-68.14%,49.79%,,,,6060.00,83.30%,14.02%,20.30,33.31%,10.17,10.17,10.17,10.17,,,,,,,,,,,,,,,,,,,,,,,,,,,,,0.67,-0.39,0.28,0.67,-0.39,0.28,,,,117.93%,-68.14%,49.79%,,,,6060.00,83.30%,14.02%,20.30,33.31%,10.17,10.17,10.17,10.17,
0x710fdb2dc7774a9755ca36070704d7b12625dff5,0.00,0.00,0.00,0.00,0.00,0.00,,,,54.74%,-5.64%,49.10%,,,,11880.00,228.03%,59.28%,44.68,73.31%,0.03,0.03,0.03,0.03,,,,,,,,,,,,,,,,,,,,,,,,,,,,,0.00,0.00,0.00,0.00,0.00,0.00,,,,54.74%,-5.64%,49.10%,,,,11880.00,228.03%,59.28%,44.68,73.31%,0.03,0.03,0.03,0.03,
0xcd1e2cbca7942f011792528e383315f126a485c4,0.00,0.00,0.00,0.00,0.00,0.00,,,,104.98%,-55.96%,49.02%,,,,7020.00,101.77%,4.93%,7.66,12.56%,0.16,0.16,0.16,0.16,,,,,,,,,,,,,,,,,,,,,,,,,,,,,0.00,0.00,0.00,0.00,0.00,0.00,,,,104.98%,-55.96%,49.02%,,,,7020.00,101.77%,4.93%,7.66,12.56%,0.16,0.16,0.16,0.16,
0xde8800dc9616e2aa5f2541816dcd757f6a5e42a8,0.11,-0.04,0.06,0.05,-0.02,0.03,0.07,0.03,0.04,80.65%,-32.58%,48.08%,11.28,-11.52,11.12,9300.00,163.15%,35.81%,5.16,8.47%,9.51,4.76,9.39,0.12,,,0.11,-0.04,0.06,0.05,-0.02,0.03,0.07,0.03,0.04,80.65%,-32.58%,48.08%,11.28,-11.52,11.12,9300.00,163.15%,35.81%,5.16,8.47%,9.51,4.76,9.39,0.12,,,,,,,,,,,,,,,,,,,,,,,,,,,
0x3458649c57229cc90dd87a5bfef7e4515f8a1799,0.48,-0.23,0.25,0.04,-0.02,0.02,0.05,0.02,0.04,300.30%,-252.31%,47.99%,56.70,-126.04,12.65,2290.91,27.19%,-0.34%,2.52,4.13%,21.60,1.96,6.11,0.09,,,0.37,-0.19,0.19,0.04,-0.02,0.02,0.06,0.02,0.04,303.66%,-340.86%,-37.20%,52.13,-153.85,-8.91,2400.00,28.85%,-0.94%,3.29,5.40%,12.48,1.39,4.65,0.09,,,0.11,-0.05,0.06,0.05,-0.02,0.03,0.03,0.01,0.02,295.70%,-131.17%,164.54%,113.97,-161.30,92.37,1800.00,19.72%,2.37%,1.45,2.37%,9.12,4.56,6.11,3.01,
0x90632858ac76ac03713e74d1c56d67437d647cee,0.26,-0.07,0.19,0.13,-0.03,0.10,0.16,0.03,0.13,79.81%,-32.06%,47.75%,5.04,-10.95,3.70,9540.00,159.59%,8.50%,17.35,28.47%,7.29,3.65,5.08,2.21,,,,,,,,,,,,,,,,,,,,,,,,,,,,,0.26,-0.07,0.19,0.13,-0.03,0.10,0.16,0.03,0.13,79.81%,-32.06%,47.75%,5.04,-10.95,3.70,9540.00,159.59%,8.50%,17.35,28.47%,7.29,3.65,5.08,2.21,
0x72481b93ea274a340468fbab13df41174fd3af1e,0.04,-0.01,0.03,0.02,-0.01,0.01,0.00,0.01,0.01,83.89%,-37.12%,46.77%,902.15,-53.33,59.27,9810.00,186.29%,34.88%,13.50,22.15%,1.35,0.68,0.72,0.63,,,0.02,0.00,0.02,0.02,0.00,0.02,,,,42.88%,-1.13%,41.75%,,,,13620.00,290.37%,54.55%,26.03,42.71%,0.63,0.63,0.63,0.63,,,0.02,-0.01,0.01,0.02,-0.01,0.01,,,,119.95%,-68.77%,51.18%,,,,6000.00,82.21%,15.21%,7.63,12.52%,0.72,0.72,0.72,0.72,
0x31e91e6cb265256047ab6c88595495e37eb8efb6,0.08,-0.01,0.07,0.08,-0.01,0.07,,,,55.46%,-8.81%,46.65%,,,,12360.00,244.16%,42.62%,25.77,42.28%,2.14,2.14,2.14,2.14,,,,,,,,,,,,,,,,,,,,,,,,,,,,,0.08,-0.01,0.07,0.08,-0.01,0.07,,,,55.46%,-8.81%,46.65%,,,,12360.00,244.16%,42.62%,25.77,42.28%,2.14,2.14,2.14,2.14,
0x16eb1deae4c4c32805da237db93771b4cb12416a,0.01,0.00,0.01,0.00,0.00,0.00,0.00,0.00,0.00,55.94%,-9.30%,46.64%,532.00,-481.77,543.29,12420.00,246.23%,28.75%,11.87,19.48%,0.49,0.24,0.29,0.20,,,,,,,,,,,,,,,,,,,,,,,,,,,,,0.01,0.00,0.01,0.00,0.00,0.00,0.00,0.00,0.00,55.94%,-9.30%,46.64%,532.00,-481.77,543.29,12420.00,246.23%,28.75%,11.87,19.48%,0.49,0.24,0.29,0.20,
0x67a305fb259dfd453405ec4d0aa673fe016b107a,0.01,0.00,0.01,0.01,0.00,0.01,,,,51.18%,-4.69%,46.49%,,,,13860.00,299.85%,24.60%,11.98,19.66%,0.69,0.69,0.69,0.69,,,,,,,,,,,,,,,,,,,,,,,,,,,,,0.01,0.00,0.01,0.01,0.00,0.01,,,,51.18%,-4.69%,46.49%,,,,13860.00,299.85%,24.60%,11.98,19.66%,0.69,0.69,0.69,0.69,
0xe2b1a4f8a9fb31ff9916f5aca588ce5f049380a9,0.07,-0.06,0.01,0.07,-0.06,0.01,,,,267.99%,-222.14%,45.85%,,,,2880.00,33.37%,1.10%,1.83,3.01%,5.17,5.17,5.17,5.17,,,,,,,,,,,,,,,,,,,,,,,,,,,,,0.07,-0.06,0.01,0.07,-0.06,0.01,,,,267.99%,-222.14%,45.85%,,,,2880.00,33.37%,1.10%,1.83,3.01%,5.17,5.17,5.17,5.17,
0x42db0f13bd37bad739e0884316e672f6a29fd13a,3.29,-1.19,2.10,1.10,-0.40,0.70,1.84,0.65,1.19,73.43%,-27.81%,45.62%,0.40,-0.43,0.38,5120.00,81.33%,28.73%,31.28,51.31%,50.20,16.73,48.51,0.82,,,3.28,-1.18,2.10,1.64,-0.59,1.05,2.23,0.79,1.44,72.41%,-27.49%,44.92%,0.32,-0.35,0.31,5670.00,97.26%,41.27%,32.24,52.90%,49.38,24.69,48.51,0.87,,,0.00,0.00,0.00,0.00,0.00,0.00,,,,134.68%,-46.84%,87.84%,,,,4020.00,49.48%,3.66%,1.40,2.29%,0.82,0.82,0.82,0.82,
0x7d3808ba592ca38fe85a1f33cf8f36454d823cf6,0.93,-0.64,0.29,0.23,-0.16,0.07,0.33,0.23,0.10,117.04%,-71.45%,45.59%,3.50,-3.09,4.36,6135.00,90.18%,10.62%,2.13,3.49%,119.87,29.97,60.90,13.37,,,0.93,-0.64,0.29,0.23,-0.16,0.07,0.33,0.23,0.10,117.04%,-71.45%,45.59%,3.50,-3.09,4.36,6135.00,90.18%,10.62%,2.13,3.49%,119.87,29.97,60.90,13.37,,,,,,,,,,,,,,,,,,,,,,,,,,,
0x30e20f74dc188e4d1e4bcb1128b99660e9fb3ea2,0.35,-0.01,0.34,0.35,-0.01,0.34,,,,46.77%,-1.84%,44.93%,,,,11640.00,220.25%,9.88%,21.94,36.00%,12.48,12.48,12.48,12.48,,,0.35,-0.01,0.34,0.35,-0.01,0.34,,,,46.77%,-1.84%,44.93%,,,,11640.00,220.25%,9.88%,21.94,36.00%,12.48,12.48,12.48,12.48,,,,,,,,,,,,,,,,,,,,,,,,,,,
0x8e380d23c6c8783b178e20f95e630b040b58fad5,0.22,-0.10,0.12,0.11,-0.05,0.06,0.09,0.03,0.06,81.00%,-36.07%,44.93%,8.61,-10.68,7.44,3360.00,39.93%,2.99%,4.17,6.84%,23.70,11.85,18.34,5.36,,,0.22,-0.10,0.12,0.11,-0.05,0.06,0.09,0.03,0.06,81.00%,-36.07%,44.93%,8.61,-10.68,7.44,3360.00,39.93%,2.99%,4.17,6.84%,23.70,11.85,18.34,5.36,,,,,,,,,,,,,,,,,,,,,,,,,,,
0x65a19c8799da455eb1926c59067b250ff4163474,0.20,0.00,0.20,0.10,0.00,0.10,0.05,0.00,0.05,45.68%,-1.02%,44.67%,9.72,-8.97,9.74,13800.00,297.46%,19.07%,29.02,47.62%,5.53,2.77,3.68,1.85,,,0.20,0.00,0.20,0.10,0.00,0.10,0.05,0.00,0.05,45.68%,-1.02%,44.67%,9.72,-8.97,9.74,13800.00,297.46%,19.07%,29.02,47.62%,5.53,2.77,3.68,1.85,,,,,,,,,,,,,,,,,,,,,,,,,,,
0xe673a2a0669dcbf6fcae1a9ef66382bae32e333f,1.40,-0.25,1.14,1.40,-0.25,1.14,,,,54.54%,-9.88%,44.66%,,,,14040.00,307.12%,46.62%,21.76,35.69%,42.97,42.97,42.97,42.97,,,,,,,,,,,,,,,,,,,,,,,,,,,,,1.40,-0.25,1.14,1.40,-0.25,1.14,,,,54.54%,-9.88%,44.66%,,,,14040.00,307.12%,46.62%,21.76,35.69%,42.97,42.97,42.97,42.97,
0x863c9aade08c7e024a4c7a2884c6024711ccb11a,2.34,-0.98,1.36,2.34,-0.98,1.36,,,,75.86%,-31.89%,43.97%,,,,9480.00,158.04%,12.68%,16.27,26.69%,69.22,69.22,69.22,69.22,,,,,,,,,,,,,,,,,,,,,,,,,,,,,2.34,-0.98,1.36,2.34,-0.98,1.36,,,,75.86%,-31.89%,43.97%,,,,9480.00,158.04%,12.68%,16.27,26.69%,69.22,69.22,69.22,69.22,
0xce8b50af06ac2b4d21627582e92628dce8af4ad3,0.10,-0.09,0.01,0.05,-0.04,0.01,0.07,0.06,0.01,132.13%,-88.31%,43.82%,19.72,-14.68,63.94,4560.00,57.77%,-4.98%,0.78,1.28%,35.08,17.54,17.68,17.40,,,,,,,,,,,,,,,,,,,,,,,,,,,,,0.10,-0.09,0.01,0.05,-0.04,0.01,0.07,0.06,0.01,132.13%,-88.31%,43.82%,19.72,-14.68,63.94,4560.00,57.77%,-4.98%,0.78,1.28%,35.08,17.54,17.68,17.40,
0x2a066a75a46028fd63c12854a1d6fdaf7c452b73,0.03,-0.02,0.01,0.03,-0.02,0.01,,,,101.55%,-57.90%,43.65%,,,,6660.00,94.64%,21.96%,14.73,24.18%,0.67,0.67,0.67,0.67,,,,,,,,,,,,,,,,,,,,,,,,,,,,,0.03,-0.02,0.01,0.03,-0.02,0.01,,,,101.55%,-57.90%,43.65%,,,,6660.00,94.64%,21.96%,14.73,24.18%,0.67,0.67,0.67,0.67,
0xdb0646256225d7ff34cafed5f0ad3cfc5e0f4e5f,0.08,-0.01,0.07,0.08,-0.01,0.07,,,,50.33%,-7.50%,42.83%,,,,14100.00,309.57%,47.20%,25.36,41.61%,2.35,2.35,2.35,2.35,,,,,,,,,,,,,,,,,,,,,,,,,,,,,0.08,-0.01,0.07,0.08,-0.01,0.07,,,,50.33%,-7.50%,42.83%,,,,14100.00,309.57%,47.20%,25.36,41.61%,2.35,2.35,2.35,2.35,
0x23a0029f1ae02c9f53fe35e2e29917a7a7126697,2.20,-0.38,1.83,2.20,-0.38,1.83,,,,51.32%,-8.81%,42.51%,,,,13200.00,274.32%,40.70%,26.39,43.29%,59.39,59.39,59.39,59.39,,,,,,,,,,,,,,,,,,,,,,,,,,,,,2.20,-0.38,1.83,2.20,-0.38,1.83,,,,51.32%,-8.81%,42.51%,,,,13200.00,274.32%,40.70%,26.39,43.29%,59.39,59.39,59.39,59.39,
0x463b476aaa90b6e9d088cb92d96808ab399435b4,1.74,-0.30,1.44,1.74,-0.30,1.44,,,,51.29%,-8.80%,42.49%,,,,13200.00,274.32%,40.71%,26.43,43.37%,46.81,46.81,46.81,46.81,,,,,,,,,,,,,,,,,,,,,,,,,,,,,1.74,-0.30,1.44,1.74,-0.30,1.44,,,,51.29%,-8.80%,42.49%,,,,13200.00,274.32%,40.71%,26.43,43.37%,46.81,46.81,46.81,46.81,
0xd3cd2e774d58cd2a10ad77f610d6e1f0d7eaa3db,0.56,-0.05,0.51,0.56,-0.05,0.51,,,,46.07%,-4.07%,42.00%,,,,13380.00,281.12%,24.74%,34.38,56.41%,12.90,12.90,12.90,12.90,,,,,,,,,,,,,,,,,,,,,,,,,,,,,0.56,-0.05,0.51,0.56,-0.05,0.51,,,,46.07%,-4.07%,42.00%,,,,13380.00,281.12%,24.74%,34.38,56.41%,12.90,12.90,12.90,12.90,
0xe3f974b85cd0483688a675bf0435ad3a4051ace6,0.01,0.00,0.01,0.01,0.00,0.01,,,,45.21%,-3.29%,41.93%,,,,13800.00,297.46%,36.52%,33.68,55.26%,0.30,0.30,0.30,0.30,,,,,,,,,,,,,,,,,,,,,,,,,,,,,0.01,0.00,0.01,0.01,0.00,0.01,,,,45.21%,-3.29%,41.93%,,,,13800.00,297.46%,36.52%,33.68,55.26%,0.30,0.30,0.30,0.30,
0xffdc27e3d412f1284d2499a35769221c8efba3d4,0.03,0.00,0.03,0.03,0.00,0.03,,,,45.23%,-3.34%,41.88%,,,,13860.00,299.85%,24.71%,33.62,55.16%,0.69,0.69,0.69,0.69,,,,,,,,,,,,,,,,,,,,,,,,,,,,,0.03,0.00,0.03,0.03,0.00,0.03,,,,45.23%,-3.34%,41.88%,,,,13860.00,299.85%,24.71%,33.62,55.16%,0.69,0.69,0.69,0.69,
0x72e467b3ae0fabf667584401a82d7261dc9138b4,0.01,0.00,0.01,0.01,0.00,0.01,,,,50.23%,-8.40%,41.83%,,,,13500.00,285.72%,9.23%,27.24,44.69%,0.38,0.38,0.38,0.38,,,,,,,,,,,,,,,,,,,,,,,,,,,,,0.01,0.00,0.01,0.01,0.00,0.01,,,,50.23%,-8.40%,41.83%,,,,13500.00,285.72%,9.23%,27.24,44.69%,0.38,0.38,0.38,0.38,
0x92c64dc78790a5b641a654f8540d2707fd137b7a,0.01,0.00,0.01,0.01,0.00,0.01,,,,54.54%,-12.72%,41.82%,,,,13860.00,299.85%,25.26%,23.07,37.85%,0.37,0.37,0.37,0.37,,,,,,,,,,,,,,,,,,,,,,,,,,,,,0.01,0.00,0.01,0.01,0.00,0.01,,,,54.54%,-12.72%,41.82%,,,,13860.00,299.85%,25.26%,23.07,37.85%,0.37,0.37,0.37,0.37,
0x11eb4a9b418f6995ef54f5780a14a48bbeb61c91,2.53,-0.68,1.85,0.63,-0.17,0.46,1.16,0.30,0.86,57.94%,-16.13%,41.81%,0.50,-0.53,0.49,12000.00,231.99%,28.76%,13.35,21.90%,119.66,29.92,112.13,0.62,,,,,,,,,,,,,,,,,,,,,,,,,,,,,2.53,-0.68,1.85,0.63,-0.17,0.46,1.16,0.30,0.86,57.94%,-16.13%,41.81%,0.50,-0.53,0.49,12000.00,231.99%,28.76%,13.35,21.90%,119.66,29.92,112.13,0.62,
0x5e39d46b23a8d1000ec92b537a7c3ffc6917a057,0.03,-0.02,0.01,0.03,-0.02,0.01,,,,107.54%,-66.40%,41.14%,,,,6240.00,86.63%,24.98%,15.21,24.96%,0.74,0.74,0.74,0.74,,,,,,,,,,,,,,,,,,,,,,,,,,,,,0.03,-0.02,0.01,0.03,-0.02,0.01,,,,107.54%,-66.40%,41.14%,,,,6240.00,86.63%,24.98%,15.21,24.96%,0.74,0.74,0.74,0.74,
0xacebfa7184d7b169d25ac9c0addc2f59678010a9,0.00,0.00,0.00,0.00,0.00,0.00,,,,41.02%,-0.01%,41.01%,,,,13740.00,295.09%,134.57%,0.56,0.91%,0.32,0.32,0.32,0.32,,,0.00,0.00,0.00,0.00,0.00,0.00,,,,41.02%,-0.01%,41.01%,,,,13740.00,295.09%,134.57%,0.56,0.91%,0.32,0.32,0.32,0.32,,,,,,,,,,,,,,,,,,,,,,,,,,,
0x945191ab90d5b511f80c297681e5de54e55c50b8,1.31,-0.40,0.91,0.33,-0.10,0.23,0.46,0.18,0.29,60.41%,-19.45%,40.96%,1.30,-1.10,1.40,12510.00,252.84%,44.73%,12.61,20.69%,63.31,15.83,51.54,3.33,,,0.24,-0.02,0.23,0.12,-0.01,0.11,0.16,0.01,0.15,50.80%,-2.15%,48.65%,3.09,-1.85,3.19,13920.00,302.26%,55.94%,20.73,34.02%,8.45,4.22,4.92,3.53,,,1.07,-0.38,0.69,0.53,-0.19,0.34,0.67,0.25,0.43,61.89%,-22.11%,39.78%,0.92,-0.90,0.94,11100.00,203.42%,33.52%,11.50,18.87%,54.86,27.43,51.54,3.33,
0x709c13074ed89a5d8efe996b4f1e2315d833f431,0.01,0.00,0.01,0.01,0.00,0.01,,,,44.57%,-3.62%,40.95%,,,,13860.00,299.85%,24.88%,36.62,60.09%,0.21,0.21,0.21,0.21,,,,,,,,,,,,,,,,,,,,,,,,,,,,,0.01,0.00,0.01,0.01,0.00,0.01,,,,44.57%,-3.62%,40.95%,,,,13860.00,299.85%,24.88%,36.62,60.09%,0.21,0.21,0.21,0.21,
0xbda6ba3ad624582495c55451a1840e563fc16389,0.80,-0.07,0.73,0.80,-0.07,0.73,,,,44.61%,-3.92%,40.69%,,,,13800.00,297.46%,39.43%,34.63,56.81%,18.95,18.95,18.95,18.95,,,,,,,,,,,,,,,,,,,,,,,,,,,,,0.80,-0.07,0.73,0.80,-0.07,0.73,,,,44.61%,-3.92%,40.69%,,,,13800.00,297.46%,39.43%,34.63,56.81%,18.95,18.95,18.95,18.95,
0x32742a6bf16fdd564270da8c479a46cc79b0502d,0.29,-0.07,0.22,0.29,-0.07,0.22,,,,53.65%,-13.00%,40.65%,,,,13920.00,302.26%,24.71%,23.43,38.44%,8.56,8.56,8.56,8.56,,,,,,,,,,,,,,,,,,,,,,,,,,,,,0.29,-0.07,0.22,0.29,-0.07,0.22,,,,53.65%,-13.00%,40.65%,,,,13920.00,302.26%,24.71%,23.43,38.44%,8.56,8.56,8.56,8.56,
0xe73bcf3e85e55d31782fee3bce9813915c6a1539,0.03,0.00,0.03,0.02,0.00,0.01,0.02,0.00,0.02,46.68%,-6.14%,40.54%,24.50,-24.41,24.52,16440.00,417.54%,19.21%,10.49,17.20%,2.50,1.25,2.25,0.24,,,,,,,,,,,,,,,,,,,,,,,,,,,,,0.03,0.00,0.03,0.02,0.00,0.01,0.02,0.00,0.02,46.68%,-6.14%,40.54%,24.50,-24.41,24.52,16440.00,417.54%,19.21%,10.49,17.20%,2.50,1.25,2.25,0.24,
0xea0ed16746257eb2bc11de2fefd63cdeece23a98,0.39,-0.10,0.29,0.10,-0.03,0.07,0.15,0.05,0.10,71.24%,-31.55%,39.69%,4.85,-6.96,3.88,9780.00,165.90%,18.28%,30.16,49.48%,6.96,1.74,3.70,0.61,,,0.07,0.00,0.06,0.03,0.00,0.03,0.01,0.00,0.02,65.76%,-3.70%,62.05%,47.15,-17.24,38.56,9780.00,165.90%,21.86%,23.67,38.83%,1.58,0.79,0.97,0.61,,,0.32,-0.10,0.22,0.16,-0.05,0.11,0.22,0.06,0.16,72.85%,-39.72%,33.13%,3.33,-6.49,2.10,9780.00,165.90%,14.70%,32.26,52.93%,5.38,2.69,3.70,1.69,
0xd8e380354742d8b1c2293e8870a624aef7137611,0.55,-0.01,0.55,0.55,-0.01,0.55,,,,40.04%,-0.38%,39.66%,,,,16680.00,430.11%,21.58%,7.07,11.59%,71.33,71.33,71.33,71.33,,,0.55,-0.01,0.55,0.55,-0.01,0.55,,,,40.04%,-0.38%,39.66%,,,,16680.00,430.11%,21.58%,7.07,11.59%,71.33,71.33,71.33,71.33,,,,,,,,,,,,,,,,,,,,,,,,,,,
0x1c233e5a2ec7ccd89728ed82f6ae72f17c4afd34,0.03,-0.02,0.01,0.03,-0.02,0.01,,,,100.81%,-62.38%,38.43%,,,,6300.00,87.76%,9.09%,47.40,77.77%,0.22,0.22,0.22,0.22,,,,,,,,,,,,,,,,,,,,,,,,,,,,,0.03,-0.02,0.01,0.03,-0.02,0.01,,,,100.81%,-62.38%,38.43%,,,,6300.00,87.76%,9.09%,47.40,77.77%,0.22,0.22,0.22,0.22,
0xb5924778b9be65576e4955ed5526126f7b06fb15,0.00,0.00,0.00,0.00,0.00,0.00,0.00,0.00,0.00,62.60%,-24.32%,38.28%,1190.62,-438.40,13254.40,11400.00,212.66%,25.29%,13.07,21.44%,0.18,0.09,0.15,0.04,,,,,,,,,,,,,,,,,,,,,,,,,,,,,0.00,0.00,0.00,0.00,0.00,0.00,0.00,0.00,0.00,62.60%,-24.32%,38.28%,1190.62,-438.40,13254.40,11400.00,212.66%,25.29%,13.07,21.44%,0.18,0.09,0.15,0.04,
0x5f72fdf4145d719fe53169e05bec152671c66b3b,0.41,-0.15,0.26,0.41,-0.15,0.26,,,,60.21%,-22.41%,37.80%,,,,13860.00,299.85%,24.18%,41.92,68.77%,5.91,5.91,5.91,5.91,,,0.41,-0.15,0.26,0.41,-0.15,0.26,,,,60.21%,-22.41%,37.80%,,,,13860.00,299.85%,24.18%,41.92,68.77%,5.91,5.91,5.91,5.91,,,,,,,,,,,,,,,,,,,,,,,,,,,
0x59eafa08c353c8b14c0899b95ab003f4a50a363b,0.09,-0.04,0.05,0.09,-0.04,0.05,,,,66.29%,-28.93%,37.36%,,,,10980.00,199.80%,30.24%,58.68,96.28%,0.80,0.80,0.80,0.80,,,,,,,,,,,,,,,,,,,,,,,,,,,,,0.09,-0.04,0.05,0.09,-0.04,0.05,,,,66.29%,-28.93%,37.36%,,,,10980.00,199.80%,30.24%,58.68,96.28%,0.80,0.80,0.80,0.80,
0x1248d7e30f999652d2982a8db416ee1dd4dd3ba2,0.58,-0.12,0.46,0.29,-0.06,0.23,0.01,0.08,0.07,48.95%,-11.66%,37.29%,37.77,-1.46,5.58,13830.00,301.39%,64.70%,15.51,25.45%,28.39,14.20,15.02,13.37,,,0.28,0.00,0.28,0.28,0.00,0.28,,,,41.54%,-0.49%,41.06%,,,,15000.00,348.14%,72.15%,18.40,30.20%,13.37,13.37,13.37,13.37,,,0.30,-0.12,0.18,0.30,-0.12,0.18,,,,55.55%,-21.61%,33.93%,,,,12660.00,254.64%,57.25%,13.05,21.42%,15.02,15.02,15.02,15.02,
0x0950541696888bcfac9af6a5c479871d3e583cac,0.95,-0.89,0.05,0.32,-0.30,0.02,0.10,0.20,0.11,235.15%,-198.01%,37.14%,22.43,-10.05,3.34,1500.00,16.18%,-1.07%,0.44,0.73%,358.27,119.42,179.89,82.54,,,0.95,-0.89,0.05,0.32,-0.30,0.02,0.10,0.20,0.11,235.15%,-198.01%,37.14%,22.43,-10.05,3.34,1500.00,16.18%,-1.07%,0.44,0.73%,358.27,119.42,179.89,82.54,,,,,,,,,,,,,,,,,,,,,,,,,,,
0xa89c95f3b69c6435fa022fce66efa46289e24476,0.12,-0.04,0.08,0.06,-0.02,0.04,0.02,0.00,0.01,58.92%,-21.87%,37.05%,32.58,-60.63,25.60,12360.00,244.16%,18.33%,12.75,20.92%,5.83,2.91,3.16,2.67,,,,,,,,,,,,,,,,,,,,,,,,,,,,,0.12,-0.04,0.08,0.06,-0.02,0.04,0.02,0.00,0.01,58.92%,-21.87%,37.05%,32.58,-60.63,25.60,12360.00,244.16%,18.33%,12.75,20.92%,5.83,2.91,3.16,2.67,
0x240e421ef73db831dd3eb474ab8c080b690b642e,0.01,0.00,0.00,0.01,0.00,0.00,,,,51.75%,-14.75%,37.00%,,,,13860.00,299.85%,25.19%,13.44,22.04%,0.32,0.32,0.32,0.32,,,,,,,,,,,,,,,,,,,,,,,,,,,,,0.01,0.00,0.00,0.01,0.00,0.00,,,,51.75%,-14.75%,37.00%,,,,13860.00,299.85%,25.19%,13.44,22.04%,0.32,0.32,0.32,0.32,
0x1ad55fa25ce1d73fb596aa228eaac4ded9242c50,1.19,-0.44,0.76,0.30,-0.11,0.19,0.22,0.18,0.07,44.60%,-8.24%,36.36%,2.04,-0.46,5.56,16530.00,437.71%,76.31%,20.72,33.99%,45.36,11.34,26.36,2.05,,,0.23,-0.01,0.22,0.23,-0.01,0.22,,,,42.87%,-1.99%,40.88%,,,,18960.00,565.86%,86.72%,7.57,12.41%,26.36,26.36,26.36,26.36,,,0.96,-0.43,0.53,0.32,-0.14,0.18,0.26,0.20,0.07,47.01%,-16.91%,30.10%,1.79,-0.83,4.02,15720.00,395.00%,72.83%,38.80,63.66%,19.00,6.33,9.66,2.05,
0x11485fdf281d4ccbc1e2ed043c0bcd1996c83c05,0.02,0.00,0.02,0.02,0.00,0.02,,,,37.24%,-1.04%,36.19%,,,,8040.00,123.44%,44.26%,0.50,0.82%,40.29,40.29,40.29,40.29,,,0.02,0.00,0.02,0.02,0.00,0.02,,,,37.24%,-1.04%,36.19%,,,,8040.00,123.44%,44.26%,0.50,0.82%,40.29,40.29,40.29,40.29,,,,,,,,,,,,,,,,,,,,,,,,,,,
0x8fb22e2e4187e5d0c94d4a595ed4767ae8e6ae4d,0.01,0.00,0.01,0.01,0.00,0.01,,,,51.76%,-15.75%,36.01%,,,,13860.00,299.85%,25.11%,12.44,20.41%,0.55,0.55,0.55,0.55,,,,,,,,,,,,,,,,,,,,,,,,,,,,,0.01,0.00,0.01,0.01,0.00,0.01,,,,51.76%,-15.75%,36.01%,,,,13860.00,299.85%,25.11%,12.44,20.41%,0.55,0.55,0.55,0.55,
0x404203d185e9aea3f07769498c147044592548db,0.03,-0.02,0.01,0.03,-0.02,0.01,,,,192.97%,-157.23%,35.73%,,,,3360.00,39.93%,0.97%,7.04,11.55%,0.80,0.80,0.80,0.80,,,,,,,,,,,,,,,,,,,,,,,,,,,,,0.03,-0.02,0.01,0.03,-0.02,0.01,,,,192.97%,-157.23%,35.73%,,,,3360.00,39.93%,0.97%,7.04,11.55%,0.80,0.80,0.80,0.80,
0x7524abf5fe718f2ec5c47f4761a392bf026b9421,0.00,0.00,0.00,0.00,0.00,0.00,,,,36.44%,-0.73%,35.71%,,,,12000.00,231.99%,19.33%,1.65,2.70%,1.07,1.07,1.07,1.07,,,0.00,0.00,0.00,0.00,0.00,0.00,,,,36.44%,-0.73%,35.71%,,,,12000.00,231.99%,19.33%,1.65,2.70%,1.07,1.07,1.07,1.07,,,,,,,,,,,,,,,,,,,,,,,,,,,
0x8300f444462e55d11dba5823a1584badfc293fd9,0.03,-0.01,0.02,0.03,-0.01,0.02,,,,53.19%,-17.50%,35.69%,,,,13860.00,299.85%,25.32%,10.34,16.96%,1.70,1.70,1.70,1.70,,,,,,,,,,,,,,,,,,,,,,,,,,,,,0.03,-0.01,0.02,0.03,-0.01,0.02,,,,53.19%,-17.50%,35.69%,,,,13860.00,299.85%,25.32%,10.34,16.96%,1.70,1.70,1.70,1.70,
0x400b06b7236f51bc2b4a3e88c3bcc0e8cca04202,0.81,-0.17,0.65,0.41,-0.08,0.32,0.58,0.12,0.46,44.75%,-9.29%,35.46%,0.78,-0.79,0.77,10860.00,210.20%,22.96%,15.30,25.11%,30.15,15.07,16.32,13.83,,,0.00,0.00,0.00,0.00,0.00,0.00,,,,15.33%,-3.37%,11.96%,,,,13920.00,302.26%,24.56%,0.01,0.01%,16.32,16.32,16.32,16.32,,,0.81,-0.17,0.65,0.81,-0.17,0.65,,,,79.47%,-16.27%,63.20%,,,,7800.00,118.14%,21.36%,27.07,44.42%,13.83,13.83,13.83,13.83,
0x3d43977c4dc4703f044ebd9a773f338a5b73d421,0.00,0.00,0.00,0.00,0.00,0.00,0.00,0.00,0.00,125.08%,-89.89%,35.20%,2598.47,-1920.39,22521.52,2880.00,33.37%,-1.80%,0.27,0.44%,1.45,0.48,0.67,0.22,,,,,,,,,,,,,,,,,,,,,,,,,,,,,0.00,0.00,0.00,0.00,0.00,0.00,0.00,0.00,0.00,125.08%,-89.89%,35.20%,2598.47,-1920.39,22521.52,2880.00,33.37%,-1.80%,0.27,0.44%,1.45,0.48,0.67,0.22,
0x6b92686c40747c85809a6772d0eda8e22a77c60c,54.77,-58.39,-3.62,2.49,-2.65,-0.16,9.37,11.48,2.39,124.88%,-90.29%,34.59%,0.13,-0.08,0.14,7200.00,105.69%,12.00%,21.04,34.53%,1004.63,45.67,395.32,0.60,,,2.71,-2.80,-0.09,1.36,-1.40,-0.04,0.28,1.08,1.36,170.20%,-100.97%,69.24%,6.02,-0.94,0.51,8400.00,132.70%,56.25%,2.28,3.73%,493.52,246.76,254.54,238.97,,,52.06,-55.59,-3.53,2.60,-2.78,-0.18,9.84,12.06,2.49,81.11%,-79.98%,1.13%,0.08,-0.07,0.00,7080.00,102.99%,7.57%,45.87,75.25%,511.12,25.56,395.32,0.60,
0x4d0753761c538936df34739cd42822c2c9b9f4a8,2.42,-1.73,0.68,2.42,-1.73,0.68,,,,121.94%,-87.43%,34.52%,,,,4200.00,52.19%,26.42%,54.51,89.43%,13.27,13.27,13.27,13.27,,,,,,,,,,,,,,,,,,,,,,,,,,,,,2.42,-1.73,0.68,2.42,-1.73,0.68,,,,121.94%,-87.43%,34.52%,,,,4200.00,52.19%,26.42%,54.51,89.43%,13.27,13.27,13.27,13.27,
0x4a4bcbf644845829cea7faa46b82b81580912e94,17.93,-16.78,1.15,2.24,-2.10,0.14,3.72,4.43,1.02,96.85%,-62.53%,34.32%,0.26,-0.14,0.34,7560.00,128.04%,35.76%,20.57,33.74%,335.14,41.89,135.75,1.81,,,6.35,-3.62,2.73,1.59,-0.90,0.68,1.74,1.09,0.66,142.70%,-73.33%,69.37%,0.82,-0.67,1.04,5415.00,83.25%,27.58%,14.13,23.19%,125.84,31.46,60.75,2.85,,,11.58,-13.16,-1.58,2.90,-3.29,-0.39,5.31,6.40,1.09,69.28%,-56.04%,13.24%,0.13,-0.09,0.12,9705.00,172.83%,43.94%,27.47,45.07%,209.30,52.32,135.75,1.81,
0x3ff62985913f76b71410752ad609769a809578be,0.29,-0.13,0.15,0.03,-0.01,0.02,0.03,0.02,0.03,73.16%,-39.02%,34.13%,22.65,-19.31,11.66,9120.00,148.92%,15.81%,30.71,50.38%,4.78,0.48,1.45,0.24,,,,,,,,,,,,,,,,,,,,,,,,,,,,,0.29,-0.13,0.15,0.03,-0.01,0.02,0.03,0.02,0.03,73.16%,-39.02%,34.13%,22.65,-19.31,11.66,9120.00,148.92%,15.81%,30.71,50.38%,4.78,0.48,1.45,0.24,
0x11041744893fa72629ab93ea8adaf35a1dc24aa5,0.00,0.00,0.00,0.00,0.00,0.00,,,,47.17%,-13.31%,33.85%,,,,20820.00,701.97%,154.04%,1.71,2.80%,0.08,0.08,0.08,0.08,,,,,,,,,,,,,,,,,,,,,,,,,,,,,0.00,0.00,0.00,0.00,0.00,0.00,,,,47.17%,-13.31%,33.85%,,,,20820.00,701.97%,154.04%,1.71,2.80%,0.08,0.08,0.08,0.08,
0x615ecbefec00355a6f4c2e32066c3662d688de9e,0.00,0.00,0.00,0.00,0.00,0.00,,,,44.05%,-10.71%,33.34%,,,,13860.00,299.85%,23.99%,1.42,2.33%,2.35,2.35,2.35,2.35,,,,,,,,,,,,,,,,,,,,,,,,,,,,,0.00,0.00,0.00,0.00,0.00,0.00,,,,44.05%,-10.71%,33.34%,,,,13860.00,299.85%,23.99%,1.42,2.33%,2.35,2.35,2.35,2.35,
0x1e729218a0af5e3d4cd258dba55249373c09c3cc,0.33,-0.09,0.23,0.08,-0.02,0.06,0.06,0.02,0.07,56.81%,-23.52%,33.29%,9.48,-11.06,4.73,13860.00,299.85%,24.39%,8.67,14.22%,24.82,6.20,9.45,1.40,,,0.26,-0.03,0.23,0.13,-0.01,0.11,0.04,0.00,0.05,54.14%,-6.20%,47.94%,12.95,-17.46,10.57,13860.00,299.85%,24.27%,10.06,16.51%,17.09,8.55,9.45,7.65,,,0.07,-0.07,0.00,0.04,-0.03,0.00,0.02,0.03,0.01,62.71%,-61.85%,0.86%,26.57,-20.56,1.33,13860.00,299.85%,24.52%,5.44,8.92%,7.72,3.86,6.33,1.40,
0x6c600fe6899c6777c96b54505961b04b30faac0b,0.17,-0.09,0.07,0.17,-0.09,0.07,,,,74.97%,-41.84%,33.13%,,,,12000.00,231.99%,62.42%,6.69,10.97%,12.31,12.31,12.31,12.31,,,0.17,-0.09,0.07,0.17,-0.09,0.07,,,,74.97%,-41.84%,33.13%,,,,12000.00,231.99%,62.42%,6.69,10.97%,12.31,12.31,12.31,12.31,,,,,,,,,,,,,,,,,,,,,,,,,,,
0x8ee3cebd3b2b45af793f7b98185eac0c61f6ce33,0.00,0.00,0.00,0.00,0.00,0.00,,,,60.41%,-28.55%,31.86%,,,,11700.00,222.18%,30.82%,11.17,18.32%,0.10,0.10,0.10,0.10,,,,,,,,,,,,,,,,,,,,,,,,,,,,,0.00,0.00,0.00,0.00,0.00,0.00,,,,60.41%,-28.55%,31.86%,,,,11700.00,222.18%,30.82%,11.17,18.32%,0.10,0.10,0.10,0.10,
0x83a1b63afbba6d2da3ed4f4668cd45b027bd4401,1.03,-0.39,0.64,1.03,-0.39,0.64,,,,51.20%,-19.44%,31.76%,,,,13920.00,302.26%,49.86%,11.43,18.75%,64.36,64.36,64.36,64.36,,,,,,,,,,,,,,,,,,,,,,,,,,,,,1.03,-0.39,0.64,1.03,-0.39,0.64,,,,51.20%,-19.44%,31.76%,,,,13920.00,302.26%,49.86%,11.43,18.75%,64.36,64.36,64.36,64.36,
0x865281fba7f14511d77674a02c2f01c019d19826,0.01,0.00,0.01,0.01,0.00,0.01,,,,51.62%,-19.92%,31.70%,,,,7020.00,101.77%,-5.80%,0.33,0.53%,23.46,23.46,23.46,23.46,,,,,,,,,,,,,,,,,,,,,,,,,,,,,0.01,0.00,0.01,0.01,0.00,0.01,,,,51.62%,-19.92%,31.70%,,,,7020.00,101.77%,-5.80%,0.33,0.53%,23.46,23.46,23.46,23.46,
0x080af81afc5a9012984be4e5b3dc3a398651083e,0.00,0.00,0.00,0.00,0.00,0.00,,,,31.22%,-0.54%,30.67%,,,,13860.00,299.85%,25.08%,0.45,0.74%,6.46,6.46,6.46,6.46,,,,,,,,,,,,,,,,,,,,,,,,,,,,,0.00,0.00,0.00,0.00,0.00,0.00,,,,31.22%,-0.54%,30.67%,,,,13860.00,299.85%,25.08%,0.45,0.74%,6.46,6.46,6.46,6.46,
0xddfbaf93ed5056ff616f6b56c56f901eda4b8bed,0.07,-0.02,0.05,0.02,-0.01,0.02,0.03,0.01,0.02,50.43%,-19.97%,30.46%,18.09,-39.81,13.10,13860.00,299.85%,82.26%,28.08,46.08%,1.84,0.61,1.10,0.31,,,,,,,,,,,,,,,,,,,,,,,,,,,,,0.07,-0.02,0.05,0.02,-0.01,0.02,0.03,0.01,0.02,50.43%,-19.97%,30.46%,18.09,-39.81,13.10,13860.00,299.85%,82.26%,28.08,46.08%,1.84,0.61,1.10,0.31,
0x93d849a31acea594a116b760bb6dd71bde536970,0.41,-0.27,0.14,0.41,-0.27,0.14,,,,87.94%,-57.87%,30.07%,,,,8040.00,123.44%,25.03%,16.71,27.42%,10.13,10.13,10.13,10.13,,,,,,,,,,,,,,,,,,,,,,,,,,,,,0.41,-0.27,0.14,0.41,-0.27,0.14,,,,87.94%,-57.87%,30.07%,,,,8040.00,123.44%,25.03%,16.71,27.42%,10.13,10.13,10.13,10.13,
0xc2e7c3a5675ee1308d56f5e4fd614007e0fcc63b,0.09,-0.06,0.03,0.02,-0.02,0.01,0.02,0.01,0.01,164.35%,-134.74%,29.61%,85.54,-110.44,31.48,6495.00,112.30%,8.75%,1.53,2.51%,12.29,3.07,5.00,2.30,,,0.06,-0.05,0.01,0.02,-0.02,0.00,0.02,0.01,0.01,184.15%,-181.31%,2.84%,78.60,-123.13,2.71,7340.00,133.54%,10.37%,1.72,2.82%,7.29,2.43,2.60,2.30,,,0.02,-0.01,0.01,0.02,-0.01,0.01,,,,135.51%,-66.90%,68.61%,,,,3960.00,48.58%,3.87%,1.32,2.16%,5.00,5.00,5.00,5.00,
0xb4cac975c0cf6a443cf314cec14b27591968dcd2,0.02,-0.01,0.01,0.02,-0.01,0.01,,,,49.43%,-19.90%,29.53%,,,,13260.00,276.57%,55.01%,39.98,65.59%,0.34,0.34,0.34,0.34,,,,,,,,,,,,,,,,,,,,,,,,,,,,,0.02,-0.01,0.01,0.02,-0.01,0.01,,,,49.43%,-19.90%,29.53%,,,,13260.00,276.57%,55.01%,39.98,65.59%,0.34,0.34,0.34,0.34,
0xcf45c000b7a71a92f99eaca4cdbdfcf24d6d052b,0.08,-0.03,0.05,0.08,-0.03,0.05,,,,47.58%,-18.44%,29.14%,,,,13920.00,302.26%,25.20%,41.32,67.80%,1.53,1.53,1.53,1.53,,,,,,,,,,,,,,,,,,,,,,,,,,,,,0.08,-0.03,0.05,0.08,-0.03,0.05,,,,47.58%,-18.44%,29.14%,,,,13920.00,302.26%,25.20%,41.32,67.80%,1.53,1.53,1.53,1.53,
0x0fd24d3737831dce1bbf70bea0c66d7652e7e9fd,0.00,0.00,0.00,0.00,0.00,0.00,0.00,0.00,0.00,35.61%,-6.57%,29.05%,4456.82,-4497.68,4446.88,4200.00,52.19%,-16.47%,1.45,2.38%,0.18,0.04,0.11,0.00,,,0.00,0.00,0.00,0.00,0.00,0.00,0.00,0.00,0.00,36.05%,-6.61%,29.45%,3934.25,-3907.08,3940.39,4200.00,52.19%,-16.07%,1.40,2.30%,0.18,0.06,0.11,0.03,,,0.00,0.00,0.00,0.00,0.00,0.00,0.00,0.00,0.00,4.79%,-3.73%,1.05%,52473.50,-46170.49,6109.02,4200.00,52.19%,-17.08%,4.74,7.78%,0.00,0.00,0.00,0.00,
0x2f61e7e1023bc22063b8da897d8323965a7712b7,0.01,0.00,0.00,0.01,0.00,0.00,,,,67.95%,-40.35%,27.60%,,,,11820.00,226.07%,82.33%,19.54,32.06%,0.19,0.19,0.19,0.19,,,,,,,,,,,,,,,,,,,,,,,,,,,,,0.01,0.00,0.00,0.01,0.00,0.00,,,,67.95%,-40.35%,27.60%,,,,11820.00,226.07%,82.33%,19.54,32.06%,0.19,0.19,0.19,0.19,
0x86a3219253714888efa5b816e26b894afa6e52e9,0.55,-0.14,0.40,0.14,-0.04,0.10,0.24,0.07,0.17,35.08%,-7.97%,27.12%,1.45,-1.19,1.55,25560.00,1188.25%,382.27%,31.13,51.08%,18.63,4.66,13.62,0.30,,,0.55,-0.14,0.40,0.14,-0.04,0.10,0.24,0.07,0.17,35.08%,-7.97%,27.12%,1.45,-1.19,1.55,25560.00,1188.25%,382.27%,31.13,51.08%,18.63,4.66,13.62,0.30,,,,,,,,,,,,,,,,,,,,,,,,,,,
0x4752747126e7cd1a7cc235fd7baddc9fbc60b905,6.31,-4.67,1.64,6.31,-4.67,1.64,,,,103.50%,-76.57%,26.92%,,,,6000.00,82.21%,7.53%,49.84,81.78%,44.66,44.66,44.66,44.66,,,,,,,,,,,,,,,,,,,,,,,,,,,,,6.31,-4.67,1.64,6.31,-4.67,1.64,,,,103.50%,-76.57%,26.92%,,,,6000.00,82.21%,7.53%,49.84,81.78%,44.66,44.66,44.66,44.66,
0x4ef9f74db039959ffa54d28edd7096fca8760a8e,8.68,-8.73,-0.05,1.74,-1.75,-0.01,2.50,3.18,0.79,336.36%,-310.07%,26.29%,1.35,-0.97,0.33,1632.00,17.92%,4.83%,1.66,2.72%,452.76,90.55,113.06,44.75,,,8.68,-8.73,-0.05,1.74,-1.75,-0.01,2.50,3.18,0.79,336.36%,-310.07%,26.29%,1.35,-0.97,0.33,1632.00,17.92%,4.83%,1.66,2.72%,452.76,90.55,113.06,44.75,,,,,,,,,,,,,,,,,,,,,,,,,,,
0x6ea68f8c8959d2b61f499b044a4871c4d7df0b0f,0.04,-0.02,0.02,0.02,-0.01,0.01,0.03,0.01,0.01,44.06%,-17.95%,26.11%,17.05,-13.25,21.25,19800.00,624.20%,235.28%,24.84,40.76%,1.62,0.81,0.97,0.65,,,,,,,,,,,,,,,,,,,,,,,,,,,,,0.04,-0.02,0.02,0.02,-0.01,0.01,0.03,0.01,0.01,44.06%,-17.95%,26.11%,17.05,-13.25,21.25,19800.00,624.20%,235.28%,24.84,40.76%,1.62,0.81,0.97,0.65,
0xbf77143b70ef9960d204d03d8a255330f785abfc,5.76,-3.31,2.45,0.34,-0.19,0.14,0.53,0.37,0.19,54.05%,-28.20%,25.85%,1.02,-0.77,1.34,13623.53,292.07%,31.68%,25.88,42.46%,154.75,9.10,29.40,0.30,,,,,,,,,,,,,,,,,,,,,,,,,,,,,5.76,-3.31,2.45,0.34,-0.19,0.14,0.53,0.37,0.19,54.05%,-28.20%,25.85%,1.02,-0.77,1.34,13623.53,292.07%,31.68%,25.88,42.46%,154.75,9.10,29.40,0.30,
0xa2f69acf2011b6e3416ed6c8fa890e6fa8880d94,0.00,0.00,0.00,0.00,0.00,0.00,,,,54.37%,-29.83%,24.54%,,,,13980.00,304.68%,78.79%,14.21,23.32%,0.00,0.00,0.00,0.00,,,,,,,,,,,,,,,,,,,,,,,,,,,,,0.00,0.00,0.00,0.00,0.00,0.00,,,,54.37%,-29.83%,24.54%,,,,13980.00,304.68%,78.79%,14.21,23.32%,0.00,0.00,0.00,0.00,
0x86e61acf398d3d8344d8c1b2acf8c765b8acce88,0.13,-0.08,0.05,0.13,-0.08,0.05,,,,61.28%,-37.27%,24.01%,,,,12540.00,250.41%,42.66%,7.82,12.83%,9.66,9.66,9.66,9.66,,,,,,,,,,,,,,,,,,,,,,,,,,,,,0.13,-0.08,0.05,0.13,-0.08,0.05,,,,61.28%,-37.27%,24.01%,,,,12540.00,250.41%,42.66%,7.82,12.83%,9.66,9.66,9.66,9.66,
0x1349fbb566900ebab17348b73a8cfb8f69c2ef9b,0.07,-0.04,0.04,0.07,-0.04,0.04,,,,47.21%,-23.23%,23.98%,,,,14880.00,342.79%,71.20%,47.27,77.55%,1.20,1.20,1.20,1.20,,,,,,,,,,,,,,,,,,,,,,,,,,,,,0.07,-0.04,0.04,0.07,-0.04,0.04,,,,47.21%,-23.23%,23.98%,,,,14880.00,342.79%,71.20%,47.27,77.55%,1.20,1.20,1.20,1.20,
0xedd88ca63d7c0b9cf182afdee3852258f31961f9,0.02,-0.02,0.01,0.02,-0.02,0.01,,,,65.12%,-41.62%,23.49%,,,,11340.00,210.79%,37.21%,16.87,27.69%,0.81,0.81,0.81,0.81,,,,,,,,,,,,,,,,,,,,,,,,,,,,,0.02,-0.02,0.01,0.02,-0.02,0.01,,,,65.12%,-41.62%,23.49%,,,,11340.00,210.79%,37.21%,16.87,27.69%,0.81,0.81,0.81,0.81,
0xf46e701ab53e18d270fb2c472f2eae275c01bddc,2.56,-0.96,1.60,0.51,-0.19,0.32,0.83,0.34,0.82,192.70%,-170.42%,22.28%,2.33,-4.96,0.27,5016.00,83.11%,17.61%,17.83,29.26%,30.23,6.05,15.91,0.23,,,2.00,-0.16,1.84,0.50,-0.04,0.46,0.95,0.08,0.88,163.67%,-13.77%,149.90%,1.72,-1.79,1.71,5580.00,95.95%,21.55%,31.31,51.36%,14.31,3.58,13.31,0.23,,,0.56,-0.79,-0.24,0.56,-0.79,-0.24,,,,218.80%,-311.32%,-92.51%,,,,2760.00,31.78%,1.83%,5.85,9.60%,15.91,15.91,15.91,15.91,
0xe47e1ac440a31a8c77c825cf30d9a91f6352bc84,2.43,-1.38,1.05,0.35,-0.20,0.15,0.39,0.31,0.11,51.34%,-29.66%,21.67%,1.33,-0.96,2.02,16654.29,428.76%,56.97%,19.43,31.89%,102.68,14.67,62.38,1.96,,,2.26,-1.28,0.98,0.38,-0.21,0.16,0.41,0.34,0.11,44.36%,-23.73%,20.63%,1.07,-0.71,1.87,16680.00,430.11%,60.27%,46.08,75.61%,40.30,6.72,19.03,1.96,,,0.17,-0.10,0.07,0.17,-0.10,0.07,,,,55.85%,-33.50%,22.35%,,,,16500.00,420.66%,37.15%,1.73,2.84%,62.38,62.38,62.38,62.38,
0xbb7e57891d5b29494b05f248562295cf1746634c,0.13,-0.08,0.05,0.13,-0.08,0.05,,,,58.51%,-37.07%,21.44%,,,,13860.00,299.85%,24.94%,17.89,29.36%,4.46,4.46,4.46,4.46,,,,,,,,,,,,,,,,,,,,,,,,,,,,,0.13,-0.08,0.05,0.13,-0.08,0.05,,,,58.51%,-37.07%,21.44%,,,,13860.00,299.85%,24.94%,17.89,29.36%,4.46,4.46,4.46,4.46,
0xa2ae3fb0d22b11e790d4e810aceba538f41f903d,0.00,0.00,0.00,0.00,0.00,0.00,,,,91.12%,-69.86%,21.26%,,,,3000.00,34.98%,2.82%,0.26,0.42%,0.59,0.59,0.59,0.59,,,,,,,,,,,,,,,,,,,,,,,,,,,,,0.00,0.00,0.00,0.00,0.00,0.00,,,,91.12%,-69.86%,21.26%,,,,3000.00,34.98%,2.82%,0.26,0.42%,0.59,0.59,0.59,0.59,
0xce7a7f3991f6f11601d428a8772a7f9f1892be76,0.02,-0.01,0.01,0.01,0.00,0.01,0.01,0.00,0.01,34.67%,-13.47%,21.20%,40.53,-106.65,29.07,22380.00,837.35%,185.69%,32.92,54.00%,0.61,0.30,0.39,0.22,,,,,,,,,,,,,,,,,,,,,,,,,,,,,0.02,-0.01,0.01,0.01,0.00,0.01,0.01,0.00,0.01,34.67%,-13.47%,21.20%,40.53,-106.65,29.07,22380.00,837.35%,185.69%,32.92,54.00%,0.61,0.30,0.39,0.22,
0x94b5537e02e5d608362d8bd0ed9e5cbc68680fcf,0.15,-0.11,0.03,0.15,-0.11,0.03,,,,91.01%,-70.13%,20.88%,,,,7980.00,122.10%,12.57%,55.11,90.42%,1.08,1.08,1.08,1.08,,,,,,,,,,,,,,,,,,,,,,,,,,,,,0.15,-0.11,0.03,0.15,-0.11,0.03,,,,91.01%,-70.13%,20.88%,,,,7980.00,122.10%,12.57%,55.11,90.42%,1.08,1.08,1.08,1.08,
0x32dbc75900da8590ed800d09332a5ddd2a0e5c47,0.01,-0.01,0.00,0.01,-0.01,0.00,,,,56.09%,-35.66%,20.43%,,,,13320.00,278.84%,86.81%,56.76,93.13%,0.12,0.12,0.12,0.12,,,,,,,,,,,,,,,,,,,,,,,,,,,,,0.01,-0.01,0.00,0.01,-0.01,0.00,,,,56.09%,-35.66%,20.43%,,,,13320.00,278.84%,86.81%,56.76,93.13%,0.12,0.12,0.12,0.12,
0xf0fa176e6206c265ac93d04bc3159e2d70fa89a3,0.00,0.00,0.00,0.00,0.00,0.00,,,,66.10%,-45.91%,20.19%,,,,13860.00,299.85%,25.00%,4.20,6.88%,0.64,0.64,0.64,0.64,,,,,,,,,,,,,,,,,,,,,,,,,,,,,0.00,0.00,0.00,0.00,0.00,0.00,,,,66.10%,-45.91%,20.19%,,,,13860.00,299.85%,25.00%,4.20,6.88%,0.64,0.64,0.64,0.64,
0x0f571d2625b503bb7c1d2b5655b483a2fa696fef,0.26,-0.16,0.11,0.04,-0.02,0.02,0.04,0.03,0.03,57.63%,-37.58%,20.05%,16.26,-12.62,7.92,12000.00,231.99%,22.56%,30.33,49.76%,5.49,0.78,1.21,0.41,,,,,,,,,,,,,,,,,,,,,,,,,,,,,0.26,-0.16,0.11,0.04,-0.02,0.02,0.04,0.03,0.03,57.63%,-37.58%,20.05%,16.26,-12.62,7.92,12000.00,231.99%,22.56%,30.33,49.76%,5.49,0.78,1.21,0.41,
0x6cfe717f38c2ac2b953f85b68550a1c052641a03,0.40,-0.26,0.14,0.40,-0.26,0.14,,,,55.66%,-35.95%,19.71%,,,,13860.00,299.85%,25.27%,16.82,27.60%,15.58,15.58,15.58,15.58,,,,,,,,,,,,,,,,,,,,,,,,,,,,,0.40,-0.26,0.14,0.40,-0.26,0.14,,,,55.66%,-35.95%,19.71%,,,,13860.00,299.85%,25.27%,16.82,27.60%,15.58,15.58,15.58,15.58,
0x6b4039b0ca00f5ee82dd192bed0cee04a44d6010,0.01,0.00,0.00,0.00,0.00,0.00,0.00,0.00,0.00,31.88%,-13.24%,18.64%,570.67,-386.63,306.66,204180.00,73617554960.00%,13727985220.00%,2.41,3.96%,2.64,0.29,0.70,0.01,,,0.01,0.00,0.00,0.00,0.00,0.00,0.00,0.00,0.00,31.88%,-13.24%,18.64%,570.67,-386.63,306.66,204180.00,73617554960.00%,13727985220.00%,2.41,3.96%,2.64,0.29,0.70,0.01,,,,,,,,,,,,,,,,,,,,,,,,,,,
0xa5b6037d49f05e30984ad2746d6ff6175a9067d3,0.04,-0.04,0.00,0.04,-0.04,0.00,,,,265.64%,-248.24%,17.40%,,,,1680.00,18.29%,0.23%,3.75,6.16%,1.46,1.46,1.46,1.46,,,0.04,-0.04,0.00,0.04,-0.04,0.00,,,,265.64%,-248.24%,17.40%,,,,1680.00,18.29%,0.23%,3.75,6.16%,1.46,1.46,1.46,1.46,,,,,,,,,,,,,,,,,,,,,,,,,,,
0x713c4d73810d3418d722c378898363b9e10410de,0.00,0.00,0.00,0.00,0.00,0.00,,,,57.85%,-40.71%,17.14%,,,,13860.00,299.85%,24.75%,7.41,12.16%,0.05,0.05,0.05,0.05,,,,,,,,,,,,,,,,,,,,,,,,,,,,,0.00,0.00,0.00,0.00,0.00,0.00,,,,57.85%,-40.71%,17.14%,,,,13860.00,299.85%,24.75%,7.41,12.16%,0.05,0.05,0.05,0.05,
0x029acd49d3aabc08402c84367c050dfd52b6c566,0.02,0.00,0.02,0.01,0.00,0.01,0.01,0.00,0.01,18.36%,-1.26%,17.09%,13.38,-14.49,13.30,202860.00,64514507120.00%,11484431990.00%,34.50,56.60%,1.12,0.56,1.11,0.01,,,,,,,,,,,,,,,,,,,,,,,,,,,,,0.02,0.00,0.02,0.01,0.00,0.01,0.01,0.00,0.01,18.36%,-1.26%,17.09%,13.38,-14.49,13.30,202860.00,64514507120.00%,11484431990.00%,34.50,56.60%,1.12,0.56,1.11,0.01,
0xc24218e0db7904883c1658101f7183a31e4863be,0.03,-0.02,0.01,0.03,-0.02,0.01,,,,63.93%,-47.02%,16.90%,,,,12180.00,238.02%,50.04%,17.81,29.22%,0.95,0.95,0.95,0.95,,,,,,,,,,,,,,,,,,,,,,,,,,,,,0.03,-0.02,0.01,0.03,-0.02,0.01,,,,63.93%,-47.02%,16.90%,,,,12180.00,238.02%,50.04%,17.81,29.22%,0.95,0.95,0.95,0.95,
0xcc13108376b9e9b5041e6803674070b0dff878eb,0.18,-0.17,0.01,0.18,-0.17,0.01,,,,221.22%,-204.44%,16.79%,,,,3780.00,45.93%,3.72%,3.77,6.19%,8.08,8.08,8.08,8.08,,,,,,,,,,,,,,,,,,,,,,,,,,,,,0.18,-0.17,0.01,0.18,-0.17,0.01,,,,221.22%,-204.44%,16.79%,,,,3780.00,45.93%,3.72%,3.77,6.19%,8.08,8.08,8.08,8.08,
0x9630d468e6a2b61a0261331ec7296e6f188fa738,0.00,0.00,0.00,0.00,0.00,0.00,,,,16.50%,-1.38%,15.12%,,,,72300.00,137872.37%,626.64%,32.95,54.07%,0.05,0.05,0.05,0.05,,,,,,,,,,,,,,,,,,,,,,,,,,,,,0.00,0.00,0.00,0.00,0.00,0.00,,,,16.50%,-1.38%,15.12%,,,,72300.00,137872.37%,626.64%,32.95,54.07%,0.05,0.05,0.05,0.05,
0x20990bbf370e410898ac4f5a9533a29b4f5fbd52,2.72,-0.64,2.08,1.36,-0.32,1.04,1.10,0.25,0.85,19.34%,-4.55%,14.79%,0.18,-0.18,0.17,7620.00,114.25%,61.87%,43.20,70.88%,119.09,59.55,92.57,26.53,,,,,,,,,,,,,,,,,,,,,,,,,,,,,2.72,-0.64,2.08,1.36,-0.32,1.04,1.10,0.25,0.85,19.34%,-4.55%,14.79%,0.18,-0.18,0.17,7620.00,114.25%,61.87%,43.20,70.88%,119.09,59.55,92.57,26.53,
0x3017272d9f78dc11a087ce2eea1873eaf4626bf7,0.11,-0.03,0.08,0.06,-0.02,0.04,0.08,0.02,0.05,63.90%,-49.27%,14.63%,8.45,-23.36,2.68,7740.00,119.90%,0.63%,3.46,5.67%,12.22,6.11,6.62,5.60,,,0.11,-0.03,0.08,0.11,-0.03,0.08,,,,76.96%,-22.84%,54.12%,,,,9420.00,156.50%,6.86%,9.22,15.12%,5.60,5.60,5.60,5.60,,,0.00,0.00,0.00,0.00,0.00,0.00,,,,52.86%,-71.61%,-18.75%,,,,6060.00,83.30%,-5.60%,0.19,0.31%,6.62,6.62,6.62,6.62,
0xab7f0f677dbaac28e41ef295debc7545e8e89d78,0.00,0.00,0.00,0.00,0.00,0.00,0.00,0.00,0.00,67.77%,-53.66%,14.11%,5360.12,-2740.08,2032.81,4350.00,61.93%,6.72%,0.01,0.02%,4.33,2.16,2.34,1.98,,,0.00,0.00,0.00,0.00,0.00,0.00,0.00,0.00,0.00,67.77%,-53.66%,14.11%,5360.12,-2740.08,2032.81,4350.00,61.93%,6.72%,0.01,0.02%,4.33,2.16,2.34,1.98,,,,,,,,,,,,,,,,,,,,,,,,,,,
0xb7473cdd8fb850f24be9b3a2148be1057fb89ac5,0.01,-0.01,0.00,0.01,-0.01,0.00,,,,74.67%,-60.73%,13.95%,,,,10560.00,187.47%,-3.59%,8.59,14.09%,0.83,0.83,0.83,0.83,,,,,,,,,,,,,,,,,,,,,,,,,,,,,0.01,-0.01,0.00,0.01,-0.01,0.00,,,,74.67%,-60.73%,13.95%,,,,10560.00,187.47%,-3.59%,8.59,14.09%,0.83,0.83,0.83,0.83,
0xe7a8a504a82f0a829656261a54d0443f85e19604,17.04,-18.31,-1.27,1.31,-1.41,-0.10,2.84,4.12,4.42,149.19%,-135.34%,13.84%,0.53,-0.33,0.03,3087.69,36.30%,6.01%,29.39,48.21%,195.73,15.06,62.64,0.71,,,6.48,-17.93,-11.45,1.30,-3.59,-2.29,1.70,6.43,5.27,139.97%,-198.95%,-58.98%,0.82,-0.31,-0.11,2556.00,29.14%,7.62%,27.60,45.29%,121.41,24.28,62.64,1.48,,,10.56,-0.37,10.18,1.32,-0.05,1.27,3.49,0.04,3.47,164.23%,-31.43%,132.80%,0.47,-7.70,0.38,3420.00,40.77%,5.01%,33.14,54.38%,74.32,9.29,62.44,0.71,
0x566f405404053e51ae9c800579ca835785ae3fd6,0.13,-0.07,0.06,0.06,-0.03,0.03,0.02,0.03,0.00,27.56%,-14.12%,13.44%,11.31,-5.44,84.28,461550.00,348000000000000000000000000000000000000000.00%,136669.40%,49.21,80.74%,3.38,1.69,2.93,0.45,,,,,,,,,,,,,,,,,,,,,,,,,,,,,0.13,-0.07,0.06,0.06,-0.03,0.03,0.02,0.03,0.00,27.56%,-14.12%,13.44%,11.31,-5.44,84.28,461550.00,348000000000000000000000000000000000000000.00%,136669.40%,49.21,80.74%,3.38,1.69,2.93,0.45,
0x05936f6a5ea9abfbfcc690f1a6140d97e80640f9,0.03,-0.01,0.03,0.01,0.00,0.01,0.01,0.00,0.01,21.11%,-8.70%,12.41%,23.21,-46.10,13.22,205260.00,82013028290.00%,12347747720.00%,22.93,37.61%,2.71,0.68,1.12,0.35,,,,,,,,,,,,,,,,,,,,,,,,,,,,,0.03,-0.01,0.03,0.01,0.00,0.01,0.01,0.00,0.01,21.11%,-8.70%,12.41%,23.21,-46.10,13.22,205260.00,82013028290.00%,12347747720.00%,22.93,37.61%,2.71,0.68,1.12,0.35,
0xdc0040f4b2445269681dbe0195309225b061f05f,0.48,-0.32,0.16,0.48,-0.32,0.16,,,,37.28%,-24.88%,12.41%,,,,24180.00,1022.20%,269.79%,16.62,27.26%,27.99,27.99,27.99,27.99,,,,,,,,,,,,,,,,,,,,,,,,,,,,,0.48,-0.32,0.16,0.48,-0.32,0.16,,,,37.28%,-24.88%,12.41%,,,,24180.00,1022.20%,269.79%,16.62,27.26%,27.99,27.99,27.99,27.99,
0x4b252ab7fb2080850598db600c08a4f995250e12,6.22,-2.22,4.00,1.24,-0.44,0.80,1.16,0.79,1.27,92.82%,-80.52%,12.30%,0.80,-1.03,0.10,12132.00,326.19%,66.29%,12.29,20.16%,230.84,46.17,55.26,32.95,,,4.70,-0.38,4.32,1.18,-0.09,1.08,1.33,0.10,1.27,56.02%,-26.49%,29.53%,0.42,-2.57,0.23,14325.00,397.76%,80.87%,18.33,30.07%,178.84,44.71,55.26,32.95,,,1.52,-1.84,-0.32,1.52,-1.84,-0.32,,,,219.40%,-266.33%,-46.94%,,,,3360.00,39.93%,7.97%,4.85,7.95%,52.01,52.01,52.01,52.01,
0xcd8ceb90f34f1fe03f384ef33acb386f45872297,0.17,-0.20,-0.03,0.08,-0.10,-0.02,0.07,0.14,0.07,186.11%,-174.03%,12.08%,27.55,-12.69,1.74,3960.00,49.27%,3.65%,4.71,7.73%,7.08,3.54,3.67,3.41,,,0.04,0.00,0.03,0.04,0.00,0.03,,,,153.83%,-14.58%,139.25%,,,,4920.00,63.55%,3.33%,2.57,4.22%,3.41,3.41,3.41,3.41,,,0.13,-0.20,-0.06,0.13,-0.20,-0.06,,,,216.07%,-322.02%,-105.95%,,,,3000.00,34.98%,3.96%,6.09,9.99%,3.67,3.67,3.67,3.67,
0x60a207e5b8babbed0528475094e585bbfe57c828,0.25,-0.11,0.14,0.12,-0.06,0.07,0.03,0.08,0.11,63.16%,-51.08%,12.08%,18.97,-6.55,1.09,11850.00,237.74%,24.00%,9.76,16.02%,16.48,8.24,12.60,3.88,,,0.15,0.00,0.15,0.15,0.00,0.15,,,,69.78%,-0.11%,69.67%,,,,9300.00,153.44%,22.27%,20.00,32.82%,3.88,3.88,3.88,3.88,,,0.10,-0.11,-0.01,0.10,-0.11,-0.01,,,,61.12%,-66.76%,-5.64%,,,,14400.00,322.04%,25.73%,4.79,7.86%,12.60,12.60,12.60,12.60,
0x7fd732f616f738f6bfa57c6c27058f2c26e0a993,0.42,-0.37,0.05,0.21,-0.18,0.02,0.03,0.10,0.08,89.43%,-77.97%,11.46%,33.45,-7.49,1.48,7800.00,118.14%,18.38%,51.08,83.81%,3.33,1.66,1.75,1.58,,,0.19,-0.11,0.08,0.19,-0.11,0.08,,,,90.02%,-52.59%,37.43%,,,,7800.00,118.14%,18.38%,48.82,80.10%,1.58,1.58,1.58,1.58,,,0.23,-0.26,-0.03,0.23,-0.26,-0.03,,,,88.90%,-100.81%,-11.92%,,,,7800.00,118.14%,18.38%,53.35,87.53%,1.75,1.75,1.75,1.75,
0x0db5e7924d87d2ec27876882e7af911a58050dd1,0.24,-0.19,0.05,0.24,-0.19,0.05,,,,54.33%,-42.90%,11.44%,,,,10980.00,199.80%,96.76%,56.88,93.32%,2.81,2.81,2.81,2.81,,,,,,,,,,,,,,,,,,,,,,,,,,,,,0.24,-0.19,0.05,0.24,-0.19,0.05,,,,54.33%,-42.90%,11.44%,,,,10980.00,199.80%,96.76%,56.88,93.32%,2.81,2.81,2.81,2.81,
0xa41fde6bdbfb4b3dea265d7b988b58d6811fae7d,0.01,0.00,0.01,0.01,0.00,0.01,,,,14.81%,-4.21%,10.59%,,,,1774440.00,11500000000000000000000000000000000000000000000000000000000000000000000000000000.00%,4500000000000000000000000000000000000000000.00%,46.47,76.24%,0.40,0.40,0.40,0.40,,,,,,,,,,,,,,,,,,,,,,,,,,,,,0.01,0.00,0.01,0.01,0.00,0.01,,,,14.81%,-4.21%,10.59%,,,,1774440.00,11500000000000000000000000000000000000000000000000000000000000000000000000000000.00%,4500000000000000000000000000000000000000000.00%,46.47,76.24%,0.40,0.40,0.40,0.40,
0x8d8aa4f2390dd31add06ce6a9374542020272d6b,0.00,0.00,0.00,0.00,0.00,0.00,,,,42.88%,-33.61%,9.28%,,,,15540.00,373.00%,75.15%,0.99,1.62%,0.97,0.97,0.97,0.97,,,,,,,,,,,,,,,,,,,,,,,,,,,,,0.00,0.00,0.00,0.00,0.00,0.00,,,,42.88%,-33.61%,9.28%,,,,15540.00,373.00%,75.15%,0.99,1.62%,0.97,0.97,0.97,0.97,
0x3fb446917919c6c6f2da5afd878fea2d24eaa8e4,0.03,-0.02,0.00,0.03,-0.02,0.00,,,,50.34%,-41.11%,9.23%,,,,16080.00,399.24%,51.83%,8.55,14.03%,2.15,2.15,2.15,2.15,,,,,,,,,,,,,,,,,,,,,,,,,,,,,0.03,-0.02,0.00,0.03,-0.02,0.00,,,,50.34%,-41.11%,9.23%,,,,16080.00,399.24%,51.83%,8.55,14.03%,2.15,2.15,2.15,2.15,
0xc7473618ff479f011ff0f5973367d13100c8f623,0.00,0.00,0.00,0.00,0.00,0.00,,,,24.95%,-15.94%,9.01%,,,,4320.00,54.03%,-4.86%,0.07,0.11%,0.50,0.50,0.50,0.50,,,0.00,0.00,0.00,0.00,0.00,0.00,,,,24.95%,-15.94%,9.01%,,,,4320.00,54.03%,-4.86%,0.07,0.11%,0.50,0.50,0.50,0.50,,,,,,,,,,,,,,,,,,,,,,,,,,,
0xc252e410e213a9bc3db942b4c7c6c69aa3ce8718,0.00,0.00,0.00,0.00,0.00,0.00,,,,38.97%,-29.98%,8.99%,,,,17400.00,469.68%,75.00%,0.97,1.59%,1.63,1.63,1.63,1.63,,,,,,,,,,,,,,,,,,,,,,,,,,,,,0.00,0.00,0.00,0.00,0.00,0.00,,,,38.97%,-29.98%,8.99%,,,,17400.00,469.68%,75.00%,0.97,1.59%,1.63,1.63,1.63,1.63,
0xb6ad42d615759e50c8087849a2f6f0e2032f7085,0.08,-0.08,0.00,0.08,-0.08,0.00,,,,211.37%,-203.25%,8.11%,,,,3120.00,36.61%,1.50%,6.43,10.56%,2.11,2.11,2.11,2.11,,,,,,,,,,,,,,,,,,,,,,,,,,,,,0.08,-0.08,0.00,0.08,-0.08,0.00,,,,211.37%,-203.25%,8.11%,,,,3120.00,36.61%,1.50%,6.43,10.56%,2.11,2.11,2.11,2.11,
0xd64e6e473fe3326055876dfb28bf8ff6c63e18c8,0.01,0.00,0.00,0.01,0.00,0.00,,,,56.17%,-48.15%,8.03%,,,,12840.00,261.08%,41.60%,6.97,11.43%,0.48,0.48,0.48,0.48,,,,,,,,,,,,,,,,,,,,,,,,,,,,,0.01,0.00,0.00,0.01,0.00,0.00,,,,56.17%,-48.15%,8.03%,,,,12840.00,261.08%,41.60%,6.97,11.43%,0.48,0.48,0.48,0.48,
0xd6fbf6237535f7329ca6595f176b9f19d88e8003,0.27,-0.20,0.07,0.14,-0.10,0.04,0.03,0.05,0.09,71.20%,-63.55%,7.65%,20.53,-12.51,0.89,11820.00,226.07%,89.71%,28.18,46.23%,5.28,2.64,2.75,2.52,,,0.27,-0.20,0.07,0.14,-0.10,0.04,0.03,0.05,0.09,71.20%,-63.55%,7.65%,20.53,-12.51,0.89,11820.00,226.07%,89.71%,28.18,46.23%,5.28,2.64,2.75,2.52,,,,,,,,,,,,,,,,,,,,,,,,,,,
0xd745306b852b84bd68e927f1924109bcf7c2ad71,0.14,-0.01,0.14,0.05,0.00,0.05,0.04,0.00,0.04,7.42%,-0.43%,6.99%,1.97,-0.92,1.95,8140.00,127.78%,63.94%,1.60,2.63%,444.50,148.17,173.21,106.41,,,0.14,-0.01,0.14,0.05,0.00,0.05,0.04,0.00,0.04,7.42%,-0.43%,6.99%,1.97,-0.92,1.95,8140.00,127.78%,63.94%,1.60,2.63%,444.50,148.17,173.21,106.41,,,,,,,,,,,,,,,,,,,,,,,,,,,
0xe8220edd77693476ec8332369077a1a083445f4f,0.19,-0.17,0.02,0.19,-0.17,0.02,,,,59.46%,-52.50%,6.96%,,,,5100.00,66.52%,6.93%,32.52,53.35%,3.62,3.62,3.62,3.62,,,0.19,-0.17,0.02,0.19,-0.17,0.02,,,,59.46%,-52.50%,6.96%,,,,5100.00,66.52%,6.93%,32.52,53.35%,3.62,3.62,3.62,3.62,,,,,,,,,,,,,,,,,,,,,,,,,,,
0x48d8bbfd42a5c39473fa17abc21f23b536090095,23.80,-21.02,2.79,2.98,-2.63,0.35,2.06,2.00,0.24,52.06%,-46.01%,6.05%,0.25,-0.23,0.25,13980.00,304.68%,34.38%,47.93,78.64%,348.21,43.53,87.03,4.82,,,23.80,-21.02,2.79,2.98,-2.63,0.35,2.06,2.00,0.24,52.06%,-46.01%,6.05%,0.25,-0.23,0.25,13980.00,304.68%,34.38%,47.93,78.64%,348.21,43.53,87.03,4.82,,,,,,,,,,,,,,,,,,,,,,,,,,,
0x6c4276dc119af03df07bdff7ecac37d910534e06,0.26,-0.18,0.08,0.26,-0.18,0.08,,,,16.36%,-11.40%,4.97%,,,,1774440.00,11500000000000000000000000000000000000000000000000000000000000000000000000000000.00%,4480000000000000000000000000000000000000000.00%,16.61,27.26%,35.01,35.01,35.01,35.01,,,,,,,,,,,,,,,,,,,,,,,,,,,,,0.26,-0.18,0.08,0.26,-0.18,0.08,,,,16.36%,-11.40%,4.97%,,,,1774440.00,11500000000000000000000000000000000000000000000000000000000000000000000000000000.00%,4480000000000000000000000000000000000000000.00%,16.61,27.26%,35.01,35.01,35.01,35.01,
0x76e1f7c14639135420d756b970336442114c9876,1.10,-1.05,0.05,1.10,-1.05,0.05,,,,77.70%,-74.17%,3.53%,,,,8280.00,128.86%,28.20%,51.69,84.80%,10.00,10.00,10.00,10.00,,,,,,,,,,,,,,,,,,,,,,,,,,,,,1.10,-1.05,0.05,1.10,-1.05,0.05,,,,77.70%,-74.17%,3.53%,,,,8280.00,128.86%,28.20%,51.69,84.80%,10.00,10.00,10.00,10.00,
0x8e0099f9dc005c437ad898d65a0cd165292edbf9,0.34,-0.33,0.01,0.34,-0.33,0.01,,,,117.67%,-114.67%,3.00%,,,,2040.00,22.63%,0.83%,1.69,2.77%,62.96,62.96,62.96,62.96,,,0.34,-0.33,0.01,0.34,-0.33,0.01,,,,117.67%,-114.67%,3.00%,,,,2040.00,22.63%,0.83%,1.69,2.77%,62.96,62.96,62.96,62.96,,,,,,,,,,,,,,,,,,,,,,,,,,,
0x03de209cf739f8f24cf3e732fa4f1273b7b99d58,0.52,-0.60,-0.09,0.10,-0.12,-0.02,0.20,0.19,0.03,116.07%,-113.34%,2.73%,5.90,-5.91,1.00,4152.00,52.34%,4.85%,9.24,15.16%,14.13,2.83,5.22,1.18,,,0.51,-0.60,-0.09,0.13,-0.15,-0.02,0.22,0.21,0.03,129.48%,-157.05%,-27.57%,5.94,-7.57,-9.62,4290.00,54.59%,5.27%,14.37,23.58%,9.03,2.26,5.22,1.18,,,0.00,0.00,0.00,0.00,0.00,0.00,,,,92.36%,-36.03%,56.32%,,,,3600.00,43.33%,3.16%,0.34,0.55%,5.10,5.10,5.10,5.10,
0xba8f08e7eb69fc1c9d8434fdac09adcb4adeca50,7.53,-7.43,0.10,7.53,-7.43,0.10,,,,59.33%,-58.55%,0.79%,,,,10620.00,189.20%,95.65%,51.57,84.61%,89.82,89.82,89.82,89.82,,,,,,,,,,,,,,,,,,,,,,,,,,,,,7.53,-7.43,0.10,7.53,-7.43,0.10,,,,59.33%,-58.55%,0.79%,,,,10620.00,189.20%,95.65%,51.57,84.61%,89.82,89.82,89.82,89.82,
0x04e109ac71231ae00997293c76a3a6db1c582551,0.00,0.00,0.00,0.00,0.00,0.00,0.00,0.00,0.00,12.90%,-12.54%,0.36%,774.78,-739.13,1114.05,2580.00,30.46%,2.56%,0.01,0.02%,22.81,11.40,18.36,4.44,,,0.00,0.00,0.00,0.00,0.00,0.00,0.00,0.00,0.00,12.90%,-12.54%,0.36%,774.78,-739.13,1114.05,2580.00,30.46%,2.56%,0.01,0.02%,22.81,11.40,18.36,4.44,,,,,,,,,,,,,,,,,,,,,,,,,,,
0x014f4da7c0e8de87022f66f8a3cfe707f9b8019f,0.02,-0.02,0.00,0.02,-0.02,0.00,,,,372.01%,-371.69%,0.32%,,,,2040.00,22.63%,6.95%,1.80,2.96%,0.98,0.98,0.98,0.98,,,,,,,,,,,,,,,,,,,,,,,,,,,,,0.02,-0.02,0.00,0.02,-0.02,0.00,,,,372.01%,-371.69%,0.32%,,,,2040.00,22.63%,6.95%,1.80,2.96%,0.98,0.98,0.98,0.98,
0xe8eb51d785a490c1c9da446e57053f87f46a1c83,0.02,-0.02,0.00,0.02,-0.02,0.00,,,,19.26%,-18.96%,0.29%,,,,1800.00,19.72%,-4.90%,18.10,29.70%,1.87,1.87,1.87,1.87,,,0.02,-0.02,0.00,0.02,-0.02,0.00,,,,19.26%,-18.96%,0.29%,,,,1800.00,19.72%,-4.90%,18.10,29.70%,1.87,1.87,1.87,1.87,,,,,,,,,,,,,,,,,,,,,,,,,,,
0x5ab4bcf284031a67fd8cef10d0ef4388f0851401,0.00,0.00,0.00,0.00,0.00,0.00,,,,0.00%,0.00%,0.00%,,,,6960.00,100.56%,74.37%,13.76,22.58%,92.57,92.57,92.57,92.57,,,,,,,,,,,,,,,,,,,,,,,,,,,,,0.00,0.00,0.00,0.00,0.00,0.00,,,,0.00%,0.00%,0.00%,,,,6960.00,100.56%,74.37%,13.76,22.58%,92.57,92.57,92.57,92.57,
0xe5dfedcaadf4df48f2fcc56663b89ed0ad73da3e,0.00,0.00,0.00,0.00,0.00,0.00,,,,0.00%,0.00%,0.00%,,,,6900.00,99.36%,50.49%,0.11,0.18%,107.08,107.08,107.08,107.08,,,0.00,0.00,0.00,0.00,0.00,0.00,,,,0.00%,0.00%,0.00%,,,,6900.00,99.36%,50.49%,0.11,0.18%,107.08,107.08,107.08,107.08,,,,,,,,,,,,,,,,,,,,,,,,,,,
0x4dc99eb43c986c9abd966c5c6a11f68d0c86469a,0.00,0.00,0.00,0.00,0.00,0.00,,,,0.00%,0.00%,0.00%,,,,240.00,2.43%,-1.36%,0.01,0.02%,100.20,100.20,100.20,100.20,,,0.00,0.00,0.00,0.00,0.00,0.00,,,,0.00%,0.00%,0.00%,,,,240.00,2.43%,-1.36%,0.01,0.02%,100.20,100.20,100.20,100.20,,,,,,,,,,,,,,,,,,,,,,,,,,,
0x8896e3f5fc50191c5c74d209030acc3acc0fa49e,0.00,0.00,0.00,0.00,0.00,0.00,,,,23.26%,-24.27%,-1.01%,,,,204780.00,78169575830.00%,14212528480.00%,18.74,30.75%,0.37,0.37,0.37,0.37,,,,,,,,,,,,,,,,,,,,,,,,,,,,,0.00,0.00,0.00,0.00,0.00,0.00,,,,23.26%,-24.27%,-1.01%,,,,204780.00,78169575830.00%,14212528480.00%,18.74,30.75%,0.37,0.37,0.37,0.37,
0xc36d07ecd1c562ce09dcb63b4d51ce2d5baf4563,0.01,-0.01,0.00,0.01,-0.01,0.00,,,,83.93%,-86.10%,-2.17%,,,,4200.00,52.19%,1.65%,54.42,89.29%,0.05,0.05,0.05,0.05,,,,,,,,,,,,,,,,,,,,,,,,,,,,,0.01,-0.01,0.00,0.01,-0.01,0.00,,,,83.93%,-86.10%,-2.17%,,,,4200.00,52.19%,1.65%,54.42,89.29%,0.05,0.05,0.05,0.05,
0xb2fba7f4384c517e1524846aba89393b3ef42042,6.04,-6.56,-0.52,3.02,-3.28,-0.26,4.11,4.57,0.46,55.19%,-57.80%,-2.61%,0.13,-0.13,-0.06,11460.00,219.65%,12.70%,47.57,78.04%,83.91,41.95,78.70,5.20,,,,,,,,,,,,,,,,,,,,,,,,,,,,,6.04,-6.56,-0.52,3.02,-3.28,-0.26,4.11,4.57,0.46,55.19%,-57.80%,-2.61%,0.13,-0.13,-0.06,11460.00,219.65%,12.70%,47.57,78.04%,83.91,41.95,78.70,5.20,
0x0a9d4857acc6ec98e6e2cda2a28f0e8b46d302cc,0.01,-0.01,0.00,0.00,0.00,0.00,0.00,0.00,0.00,22.67%,-25.41%,-2.74%,135.09,-181.50,-27.59,204240.00,74060565840.00%,13096589980.00%,11.34,18.60%,0.88,0.29,0.48,0.06,,,,,,,,,,,,,,,,,,,,,,,,,,,,,0.01,-0.01,0.00,0.00,0.00,0.00,0.00,0.00,0.00,22.67%,-25.41%,-2.74%,135.09,-181.50,-27.59,204240.00,74060565840.00%,13096589980.00%,11.34,18.60%,0.88,0.29,0.48,0.06,
0xd2b85583772ff1c278a5eb2ca57c8549ceb291d4,0.27,-0.31,-0.04,0.14,-0.15,-0.02,0.19,0.21,0.03,64.44%,-68.23%,-3.79%,3.41,-3.18,-1.48,6270.00,95.17%,4.71%,40.81,66.96%,3.49,1.74,1.93,1.55,,,0.00,0.00,0.00,0.00,0.00,0.00,,,,32.20%,-25.85%,6.35%,,,,9180.00,150.42%,3.22%,1.91,3.13%,1.55,1.55,1.55,1.55,,,0.27,-0.31,-0.04,0.27,-0.31,-0.04,,,,90.31%,-102.23%,-11.92%,,,,3360.00,39.93%,6.19%,56.35,92.46%,1.93,1.93,1.93,1.93,
0xa81388cf1b08aebfb20254bb4091be4bea57349e,0.00,0.00,0.00,0.00,0.00,0.00,,,,23.21%,-28.61%,-5.40%,,,,13860.00,299.85%,24.92%,0.23,0.38%,0.28,0.28,0.28,0.28,,,,,,,,,,,,,,,,,,,,,,,,,,,,,0.00,0.00,0.00,0.00,0.00,0.00,,,,23.21%,-28.61%,-5.40%,,,,13860.00,299.85%,24.92%,0.23,0.38%,0.28,0.28,0.28,0.28,
0x6914fc70fac4cab20a8922e900c4ba57feecf8e1,14.52,-17.06,-2.53,14.52,-17.06,-2.53,,,,48.26%,-56.69%,-8.42%,,,,13860.00,299.85%,24.90%,6.38,10.47%,1721.67,1721.67,1721.67,1721.67,,,,,,,,,,,,,,,,,,,,,,,,,,,,,14.52,-17.06,-2.53,14.52,-17.06,-2.53,,,,48.26%,-56.69%,-8.42%,,,,13860.00,299.85%,24.90%,6.38,10.47%,1721.67,1721.67,1721.67,1721.67,
0x4c1e06cc1eabea9bdb26be199c0b7011ac1a126c,0.00,0.00,0.00,0.00,0.00,0.00,,,,28.68%,-37.48%,-8.80%,,,,11040.00,201.60%,33.84%,0.85,1.40%,0.24,0.24,0.24,0.24,,,0.00,0.00,0.00,0.00,0.00,0.00,,,,28.68%,-37.48%,-8.80%,,,,11040.00,201.60%,33.84%,0.85,1.40%,0.24,0.24,0.24,0.24,,,,,,,,,,,,,,,,,,,,,,,,,,,
0xc6fd15adde5f6b79f00e0f046c1f3b0117907d36,0.12,-0.13,-0.02,0.06,-0.07,-0.01,0.08,0.09,0.01,62.33%,-72.58%,-10.25%,8.28,-8.44,-9.54,12240.00,240.06%,68.36%,37.53,61.58%,1.89,0.95,1.32,0.58,,,,,,,,,,,,,,,,,,,,,,,,,,,,,0.12,-0.13,-0.02,0.06,-0.07,-0.01,0.08,0.09,0.01,62.33%,-72.58%,-10.25%,8.28,-8.44,-9.54,12240.00,240.06%,68.36%,37.53,61.58%,1.89,0.95,1.32,0.58,
0xb6f0f50a084a8fa6c120c3cfa49e873da76d7154,0.00,0.00,0.00,0.00,0.00,0.00,,,,28.21%,-39.77%,-11.56%,,,,204300.00,74506242650.00%,13539538480.00%,0.72,1.18%,2.96,2.96,2.96,2.96,,,0.00,0.00,0.00,0.00,0.00,0.00,,,,28.21%,-39.77%,-11.56%,,,,204300.00,74506242650.00%,13539538480.00%,0.72,1.18%,2.96,2.96,2.96,2.96,,,,,,,,,,,,,,,,,,,,,,,,,,,
0x4a205424de1a6e5fc83d5f5f415fb2296542efce,0.16,-0.17,0.00,0.16,-0.17,0.00,,,,426.26%,-438.83%,-12.57%,,,,1740.00,19.00%,9.37%,5.72,9.38%,2.44,2.44,2.44,2.44,,,0.16,-0.17,0.00,0.16,-0.17,0.00,,,,426.26%,-438.83%,-12.57%,,,,1740.00,19.00%,9.37%,5.72,9.38%,2.44,2.44,2.44,2.44,,,,,,,,,,,,,,,,,,,,,,,,,,,
0x1cf4fe24c4265ebed95ac982e6efa9de168c7775,1.14,-1.29,-0.15,1.14,-1.29,-0.15,,,,118.97%,-134.96%,-15.99%,,,,6540.00,92.32%,3.40%,1.90,3.12%,183.38,183.38,183.38,183.38,,,,,,,,,,,,,,,,,,,,,,,,,,,,,1.14,-1.29,-0.15,1.14,-1.29,-0.15,,,,118.97%,-134.96%,-15.99%,,,,6540.00,92.32%,3.40%,1.90,3.12%,183.38,183.38,183.38,183.38,
0x7030392f0f06f7c47eaf650bc6575dbafcb39098,2.69,-2.69,0.01,0.38,-0.38,0.00,0.55,0.63,0.26,111.10%,-129.20%,-18.11%,2.04,-2.06,-0.69,4782.86,62.56%,14.94%,13.48,22.12%,56.15,8.02,19.53,0.59,,,0.80,-0.67,0.14,0.27,-0.22,0.05,0.28,0.32,0.42,79.82%,-104.13%,-24.31%,2.81,-3.22,-0.57,5240.00,71.44%,13.83%,9.81,16.10%,32.12,10.71,15.64,1.78,,,1.89,-2.02,-0.13,0.47,-0.50,-0.03,0.72,0.82,0.11,152.91%,-162.73%,-9.82%,2.13,-1.98,-0.88,4440.00,55.89%,15.78%,18.79,30.82%,24.03,6.01,19.53,0.59,
0x1e3881227010c8dcdfa2f11833d3d70a00893f94,0.00,-0.01,0.00,0.00,-0.01,0.00,,,,73.09%,-95.51%,-22.42%,,,,3000.00,34.98%,2.00%,54.50,89.42%,0.05,0.05,0.05,0.05,,,,,,,,,,,,,,,,,,,,,,,,,,,,,0.00,-0.01,0.00,0.00,-0.01,0.00,,,,73.09%,-95.51%,-22.42%,,,,3000.00,34.98%,2.00%,54.50,89.42%,0.05,0.05,0.05,0.05,
0x265822d64d79dffb03bf976ecb05500c3442957b,0.01,-0.01,0.00,0.00,0.00,0.00,0.00,0.00,0.00,181.46%,-204.04%,-22.58%,1210.44,-915.54,-309.55,4020.00,49.48%,25.23%,5.50,9.02%,0.20,0.10,0.15,0.04,,,,,,,,,,,,,,,,,,,,,,,,,,,,,0.01,-0.01,0.00,0.00,0.00,0.00,0.00,0.00,0.00,181.46%,-204.04%,-22.58%,1210.44,-915.54,-309.55,4020.00,49.48%,25.23%,5.50,9.02%,0.20,0.10,0.15,0.04,
0xfe527003a5394fd818729bce6755f2f8a27b8ea0,0.00,0.00,0.00,0.00,0.00,0.00,,,,84.02%,-108.66%,-24.64%,,,,10620.00,189.20%,34.31%,4.40,7.22%,0.02,0.02,0.02,0.02,,,,,,,,,,,,,,,,,,,,,,,,,,,,,0.00,0.00,0.00,0.00,0.00,0.00,,,,84.02%,-108.66%,-24.64%,,,,10620.00,189.20%,34.31%,4.40,7.22%,0.02,0.02,0.02,0.02,
0x9f13ea7c8a05479fdbff66703f4108360a78e785,0.00,0.00,0.00,0.00,0.00,0.00,,,,97.25%,-121.91%,-24.66%,,,,10020.00,172.36%,23.49%,0.01,0.02%,2.76,2.76,2.76,2.76,,,0.00,0.00,0.00,0.00,0.00,0.00,,,,97.25%,-121.91%,-24.66%,,,,10020.00,172.36%,23.49%,0.01,0.02%,2.76,2.76,2.76,2.76,,,,,,,,,,,,,,,,,,,,,,,,,,,
0x6dd91bdab368282dc4ea4f4befc831b78a7c38c0,2.03,-1.41,0.62,0.09,-0.06,0.03,0.20,0.11,0.14,752.96%,-780.93%,-27.97%,37.47,-69.19,-2.06,1202.61,13.48%,1.29%,0.28,0.46%,289.06,12.57,32.07,0.56,,,2.03,-1.41,0.62,0.09,-0.06,0.03,0.20,0.11,0.14,752.96%,-780.93%,-27.97%,37.47,-69.19,-2.06,1202.61,13.48%,1.29%,0.28,0.46%,289.06,12.57,32.07,0.56,,,,,,,,,,,,,,,,,,,,,,,,,,,
0x8b932f5e9b62bba7fc468396dd628ae2dd88cf33,0.09,-0.11,-0.02,0.05,-0.06,-0.01,0.02,0.02,0.04,99.56%,-131.07%,-31.51%,56.16,-56.37,-7.69,12420.00,246.23%,30.45%,7.53,12.36%,4.51,2.26,2.36,2.16,,,0.09,-0.11,-0.02,0.05,-0.06,-0.01,0.02,0.02,0.04,99.56%,-131.07%,-31.51%,56.16,-56.37,-7.69,12420.00,246.23%,30.45%,7.53,12.36%,4.51,2.26,2.36,2.16,,,,,,,,,,,,,,,,,,,,,,,,,,,
0xd0c43a780e155ff3b3af69ee0f593872805a98f9,0.12,-0.05,0.07,0.06,-0.03,0.03,0.04,0.04,0.08,326.94%,-359.29%,-32.35%,81.33,-95.99,-4.17,1440.00,15.62%,-0.21%,4.03,6.61%,2.98,1.49,1.85,1.13,,,0.09,0.00,0.09,0.09,0.00,0.09,,,,270.74%,-0.75%,269.99%,,,,1920.00,21.17%,-0.34%,10.79,17.70%,1.13,1.13,1.13,1.13,,,0.03,-0.05,-0.02,0.03,-0.05,-0.02,,,,361.11%,-577.26%,-216.15%,,,,960.00,10.08%,-0.09%,1.82,2.98%,1.85,1.85,1.85,1.85,
0x8df57e3d9ddde355dce1adb19ebce93419ffa0fb,0.02,-0.02,0.00,0.00,0.00,0.00,0.00,0.00,0.00,122.61%,-155.08%,-32.47%,360.72,-595.57,-187.87,5352.00,72.16%,-5.17%,5.17,8.48%,1.00,0.20,0.23,0.16,,,,,,,,,,,,,,,,,,,,,,,,,,,,,0.02,-0.02,0.00,0.00,0.00,0.00,0.00,0.00,0.00,122.61%,-155.08%,-32.47%,360.72,-595.57,-187.87,5352.00,72.16%,-5.17%,5.17,8.48%,1.00,0.20,0.23,0.16,
0x90339c3d449b908eb51ba9a5fc42ef2dc170c0a1,0.02,-0.03,-0.01,0.02,-0.03,-0.01,,,,69.91%,-104.85%,-34.94%,,,,15480.00,370.17%,93.69%,2.52,4.14%,3.88,3.88,3.88,3.88,,,,,,,,,,,,,,,,,,,,,,,,,,,,,0.02,-0.03,-0.01,0.02,-0.03,-0.01,,,,69.91%,-104.85%,-34.94%,,,,15480.00,370.17%,93.69%,2.52,4.14%,3.88,3.88,3.88,3.88,
0x2cf0e3263ef55f00a74b51b107ecbaff1c0805f5,0.44,-0.57,-0.13,0.22,-0.28,-0.06,0.06,0.05,0.12,104.29%,-141.24%,-36.95%,16.18,-26.36,-3.13,8520.00,134.42%,18.00%,3.31,5.43%,46.82,23.41,24.84,21.97,,,,,,,,,,,,,,,,,,,,,,,,,,,,,0.44,-0.57,-0.13,0.22,-0.28,-0.06,0.06,0.05,0.12,104.29%,-141.24%,-36.95%,16.18,-26.36,-3.13,8520.00,134.42%,18.00%,3.31,5.43%,46.82,23.41,24.84,21.97,
0xd53d0073ce5b33144ceca5acfb4a328199fafca4,1.40,-0.90,0.50,0.47,-0.30,0.17,0.30,0.30,0.54,180.10%,-218.49%,-38.40%,6.01,-7.21,-0.70,4960.00,65.35%,6.72%,14.95,24.52%,22.68,7.56,8.01,7.21,,,1.18,-0.62,0.56,0.59,-0.31,0.28,0.29,0.43,0.72,184.78%,-216.65%,-31.87%,6.37,-5.07,-0.44,5400.00,72.83%,7.00%,20.63,33.84%,14.68,7.34,7.47,7.21,,,0.21,-0.28,-0.06,0.21,-0.28,-0.06,,,,171.50%,-221.87%,-50.37%,,,,4080.00,50.38%,6.14%,5.69,9.33%,8.01,8.01,8.01,8.01,
0xe475a3c59f1fcdfde4d68e2cc65e31791b693130,0.01,-0.01,0.00,0.01,-0.01,0.00,,,,212.92%,-253.01%,-40.09%,,,,1980.00,21.90%,1.65%,2.40,3.95%,0.72,0.72,0.72,0.72,,,0.01,-0.01,0.00,0.01,-0.01,0.00,,,,212.92%,-253.01%,-40.09%,,,,1980.00,21.90%,1.65%,2.40,3.95%,0.72,0.72,0.72,0.72,,,,,,,,,,,,,,,,,,,,,,,,,,,
0xfa70ea3d60f94528f637b5384078f8f14e9b7d0b,3.01,-1.62,1.39,0.60,-0.32,0.28,0.79,0.14,0.83,156.16%,-197.09%,-40.93%,1.98,-14.00,-0.50,5892.00,84.38%,5.96%,15.37,25.22%,59.03,11.81,22.18,7.20,,,0.70,-1.24,-0.53,0.23,-0.41,-0.18,0.05,0.05,0.06,270.13%,-454.95%,-184.82%,55.65,-95.58,-32.03,4180.00,51.95%,-1.26%,4.18,6.86%,24.31,8.10,8.81,7.20,,,2.30,-0.38,1.92,1.15,-0.19,0.96,1.21,0.13,1.08,76.37%,-16.57%,59.80%,0.63,-1.30,0.55,8460.00,133.02%,16.79%,32.49,53.31%,34.72,17.36,22.18,12.55,
0x14ebe9a4959caba78d66203dacd8c9d440e11e4b,0.52,-0.88,-0.35,0.52,-0.88,-0.35,,,,61.03%,-101.97%,-40.93%,,,,2100.00,23.37%,0.10%,56.04,91.95%,5.60,5.60,5.60,5.60,,,,,,,,,,,,,,,,,,,,,,,,,,,,,0.52,-0.88,-0.35,0.52,-0.88,-0.35,,,,61.03%,-101.97%,-40.93%,,,,2100.00,23.37%,0.10%,56.04,91.95%,5.60,5.60,5.60,5.60,
0x140baa522183d67dc6432e5bc85442ca0d5a49dc,0.12,-0.17,-0.04,0.12,-0.17,-0.04,,,,117.53%,-160.08%,-42.55%,,,,2940.00,34.18%,2.70%,18.05,29.62%,2.13,2.13,2.13,2.13,,,0.12,-0.17,-0.04,0.12,-0.17,-0.04,,,,117.53%,-160.08%,-42.55%,,,,2940.00,34.18%,2.70%,18.05,29.62%,2.13,2.13,2.13,2.13,,,,,,,,,,,,,,,,,,,,,,,,,,,
0xaebcc707edac413af8782c5bb1a29a6b2d904719,2.32,-1.69,0.63,1.16,-0.84,0.31,1.03,0.12,0.91,137.57%,-181.67%,-44.10%,1.33,-14.79,-0.49,7230.00,106.06%,3.54%,26.00,42.66%,30.52,15.26,15.95,14.57,,,0.43,-0.76,-0.33,0.43,-0.76,-0.33,,,,188.09%,-331.19%,-143.10%,,,,7320.00,107.92%,0.83%,5.73,9.41%,14.57,14.57,14.57,14.57,,,1.89,-0.93,0.96,1.89,-0.93,0.96,,,,91.43%,-45.10%,46.33%,,,,7140.00,104.21%,6.25%,47.27,77.56%,15.95,15.95,15.95,15.95,
0x293b142ec92572eb47fa7a3efa6d6ae93e780dda,0.00,0.00,0.00,0.00,0.00,0.00,,,,67.54%,-111.75%,-44.21%,,,,13860.00,299.85%,25.67%,0.20,0.32%,0.04,0.04,0.04,0.04,,,0.00,0.00,0.00,0.00,0.00,0.00,,,,67.54%,-111.75%,-44.21%,,,,13860.00,299.85%,25.67%,0.20,0.32%,0.04,0.04,0.04,0.04,,,,,,,,,,,,,,,,,,,,,,,,,,,
0x36b3a2ad1092dc780a046703ec949f8e9bc12c4a,0.34,-0.18,0.16,0.17,-0.09,0.08,0.12,0.08,0.20,123.65%,-169.27%,-45.62%,10.18,-20.42,-2.23,7380.00,118.27%,6.64%,17.02,27.92%,6.70,3.35,3.40,3.30,,,0.08,-0.15,-0.07,0.08,-0.15,-0.07,,,,187.90%,-335.45%,-147.55%,,,,4440.00,55.89%,-4.12%,4.99,8.18%,3.30,3.30,3.30,3.30,,,0.26,-0.03,0.22,0.26,-0.03,0.22,,,,61.33%,-8.10%,53.23%,,,,10320.00,180.65%,17.40%,44.91,73.69%,3.40,3.40,3.40,3.40,
0xcd1ff2dabd9ba6bb41e89ef9561be82e27799270,0.00,0.00,0.00,0.00,0.00,0.00,,,,64.78%,-114.43%,-49.66%,,,,13860.00,299.85%,24.83%,2.02,3.32%,0.06,0.06,0.06,0.06,,,,,,,,,,,,,,,,,,,,,,,,,,,,,0.00,0.00,0.00,0.00,0.00,0.00,,,,64.78%,-114.43%,-49.66%,,,,13860.00,299.85%,24.83%,2.02,3.32%,0.06,0.06,0.06,0.06,
0xbbe8fcd6d14de3b5efe7f5cbe4174ae4e0e9707e,0.01,-0.01,-0.01,0.01,-0.01,-0.01,,,,64.91%,-114.68%,-49.77%,,,,13860.00,299.85%,24.83%,2.02,3.31%,1.82,1.82,1.82,1.82,,,,,,,,,,,,,,,,,,,,,,,,,,,,,0.01,-0.01,-0.01,0.01,-0.01,-0.01,,,,64.91%,-114.68%,-49.77%,,,,13860.00,299.85%,24.83%,2.02,3.31%,1.82,1.82,1.82,1.82,
0xc202bd3bdae06cc6c6d1384052e4448b97788253,0.00,0.00,0.00,0.00,0.00,0.00,,,,231.10%,-297.41%,-66.31%,,,,3540.00,42.47%,3.40%,2.99,4.91%,0.11,0.11,0.11,0.11,,,,,,,,,,,,,,,,,,,,,,,,,,,,,0.00,0.00,0.00,0.00,0.00,0.00,,,,231.10%,-297.41%,-66.31%,,,,3540.00,42.47%,3.40%,2.99,4.91%,0.11,0.11,0.11,0.11,
0xf62b239aa52d47702ace19764b110a6e83dc1ac7,0.62,-0.38,0.24,0.10,-0.06,0.04,0.10,0.07,0.13,178.17%,-246.57%,-68.40%,18.18,-36.02,-5.37,4220.00,54.75%,-2.76%,3.57,5.85%,26.19,4.36,7.89,0.12,,,0.62,-0.38,0.24,0.10,-0.06,0.04,0.10,0.07,0.13,178.17%,-246.57%,-68.40%,18.18,-36.02,-5.37,4220.00,54.75%,-2.76%,3.57,5.85%,26.19,4.36,7.89,0.12,,,,,,,,,,,,,,,,,,,,,,,,,,,
0xb66a8e76a918a5e4662ee6ef5c8731785319fa57,0.01,-0.01,0.00,0.01,-0.01,0.00,,,,101.21%,-170.40%,-69.20%,,,,7800.00,118.14%,15.72%,2.16,3.54%,1.08,1.08,1.08,1.08,,,,,,,,,,,,,,,,,,,,,,,,,,,,,0.01,-0.01,0.00,0.01,-0.01,0.00,,,,101.21%,-170.40%,-69.20%,,,,7800.00,118.14%,15.72%,2.16,3.54%,1.08,1.08,1.08,1.08,
0xd0e8129cac4bfcbb09ca21e9a086bb16afe76947,0.13,-0.18,-0.05,0.07,-0.09,-0.03,0.04,0.09,0.05,165.11%,-237.52%,-72.41%,44.30,-27.59,-14.83,5100.00,66.52%,3.11%,3.05,5.00%,9.46,4.73,7.22,2.24,,,0.13,-0.18,-0.05,0.07,-0.09,-0.03,0.04,0.09,0.05,165.11%,-237.52%,-72.41%,44.30,-27.59,-14.83,5100.00,66.52%,3.11%,3.05,5.00%,9.46,4.73,7.22,2.24,,,,,,,,,,,,,,,,,,,,,,,,,,,
0x7075bf0093108d7fcf41c9d242081487a85a14cd,0.17,-0.29,-0.12,0.17,-0.29,-0.12,,,,105.84%,-178.83%,-72.99%,,,,8700.00,138.68%,19.62%,2.70,4.43%,22.15,22.15,22.15,22.15,,,,,,,,,,,,,,,,,,,,,,,,,,,,,0.17,-0.29,-0.12,0.17,-0.29,-0.12,,,,105.84%,-178.83%,-72.99%,,,,8700.00,138.68%,19.62%,2.70,4.43%,22.15,22.15,22.15,22.15,
0x20103db5820ac547ed76ac989c51889b223d0d03,0.09,-0.14,-0.05,0.09,-0.14,-0.05,,,,145.34%,-219.34%,-74.00%,,,,6000.00,82.21%,9.21%,2.42,3.97%,9.53,9.53,9.53,9.53,,,,,,,,,,,,,,,,,,,,,,,,,,,,,0.09,-0.14,-0.05,0.09,-0.14,-0.05,,,,145.34%,-219.34%,-74.00%,,,,6000.00,82.21%,9.21%,2.42,3.97%,9.53,9.53,9.53,9.53,
0xb2035631bf38df52aeae810b0aead249dbe53c48,0.18,-0.31,-0.13,0.18,-0.31,-0.13,,,,107.06%,-183.20%,-76.14%,,,,8520.00,134.42%,18.94%,2.72,4.46%,22.99,22.99,22.99,22.99,,,,,,,,,,,,,,,,,,,,,,,,,,,,,0.18,-0.31,-0.13,0.18,-0.31,-0.13,,,,107.06%,-183.20%,-76.14%,,,,8520.00,134.42%,18.94%,2.72,4.46%,22.99,22.99,22.99,22.99,
0x16a7c3c15df7ad6a8f1b4c33420ca57c156c67cc,4.64,-5.50,-0.86,0.66,-0.79,-0.12,0.99,1.45,0.52,142.94%,-222.19%,-79.25%,1.44,-1.54,-1.54,3857.14,48.00%,2.42%,11.42,18.74%,109.11,15.59,64.65,0.25,,,3.96,-5.26,-1.30,0.99,-1.31,-0.32,1.25,1.82,0.62,143.00%,-229.35%,-86.35%,1.15,-1.26,-1.40,3255.00,38.98%,2.97%,10.75,17.64%,104.76,26.19,64.65,1.49,,,0.68,-0.24,0.43,0.23,-0.08,0.14,0.33,0.14,0.19,141.58%,-49.55%,92.04%,4.32,-3.65,4.78,4660.00,60.02%,1.69%,40.03,65.68%,4.34,1.45,3.70,0.25,
0xf9969d58e6efe3fb5d8b6eec53e1fb7e1eac2232,0.20,-0.36,-0.17,0.20,-0.36,-0.17,,,,104.17%,-191.38%,-87.22%,,,,8580.00,135.83%,19.38%,2.78,4.56%,25.00,25.00,25.00,25.00,,,,,,,,,,,,,,,,,,,,,,,,,,,,,0.20,-0.36,-0.17,0.20,-0.36,-0.17,,,,104.17%,-191.38%,-87.22%,,,,8580.00,135.83%,19.38%,2.78,4.56%,25.00,25.00,25.00,25.00,
0x53dbbed5e055d9bb8df43713eabf821028cd4e34,0.18,-0.32,-0.15,0.18,-0.32,-0.15,,,,105.53%,-193.82%,-88.30%,,,,8460.00,133.02%,19.81%,2.78,4.56%,21.84,21.84,21.84,21.84,,,,,,,,,,,,,,,,,,,,,,,,,,,,,0.18,-0.32,-0.15,0.18,-0.32,-0.15,,,,105.53%,-193.82%,-88.30%,,,,8460.00,133.02%,19.81%,2.78,4.56%,21.84,21.84,21.84,21.84,
0x2f220dd4153e4ecdf86a3932ceddef4e2ee435da,0.07,-0.12,-0.05,0.07,-0.12,-0.05,,,,123.64%,-219.09%,-95.45%,,,,7440.00,110.43%,16.80%,2.65,4.34%,7.50,7.50,7.50,7.50,,,,,,,,,,,,,,,,,,,,,,,,,,,,,0.07,-0.12,-0.05,0.07,-0.12,-0.05,,,,123.64%,-219.09%,-95.45%,,,,7440.00,110.43%,16.80%,2.65,4.34%,7.50,7.50,7.50,7.50,
0x1109297e392d92c1613fdbdf30579a0215c20da9,1.18,-2.72,-1.54,1.18,-2.72,-1.54,,,,92.82%,-214.01%,-121.19%,,,,1500.00,16.18%,14.78%,14.23,23.35%,32.65,32.65,32.65,32.65,,,1.18,-2.72,-1.54,1.18,-2.72,-1.54,,,,92.82%,-214.01%,-121.19%,,,,1500.00,16.18%,14.78%,14.23,23.35%,32.65,32.65,32.65,32.65,,,,,,,,,,,,,,,,,,,,,,,,,,,
0x10fe1b97d8c24ff7b098953b6c01090bb9a95df7,1.51,-0.75,0.77,0.09,-0.04,0.05,0.19,0.09,0.16,230.31%,-358.72%,-128.42%,12.39,-41.03,-7.81,4235.29,56.02%,3.77%,1.96,3.22%,178.61,10.51,31.74,0.49,,,1.51,-0.75,0.77,0.09,-0.04,0.05,0.19,0.09,0.16,230.31%,-358.72%,-128.42%,12.39,-41.03,-7.81,4235.29,56.02%,3.77%,1.96,3.22%,178.61,10.51,31.74,0.49,,,,,,,,,,,,,,,,,,,,,,,,,,,
0x4b69be6035cc2d1435e5651cb561de92c8b8847c,0.03,-0.04,-0.01,0.01,-0.02,0.00,0.00,0.01,0.01,246.21%,-382.65%,-136.44%,819.74,-294.11,-136.35,3540.00,42.48%,5.88%,4.38,7.19%,0.91,0.45,0.63,0.27,,,0.01,-0.03,-0.01,0.01,-0.03,-0.01,,,,269.29%,-482.76%,-213.47%,,,,3480.00,41.62%,0.97%,3.18,5.22%,0.63,0.63,0.63,0.63,,,0.01,-0.01,0.00,0.01,-0.01,0.00,,,,192.66%,-150.36%,42.30%,,,,3600.00,43.33%,10.79%,7.38,12.11%,0.27,0.27,0.27,0.27,
0xc2e6da21901ebd1d342577564a223969efbfd4c5,0.63,-0.78,-0.15,0.63,-0.78,-0.15,,,,592.10%,-733.72%,-141.62%,,,,1380.00,14.80%,7.02%,4.07,6.67%,9.49,9.49,9.49,9.49,,,0.63,-0.78,-0.15,0.63,-0.78,-0.15,,,,592.10%,-733.72%,-141.62%,,,,1380.00,14.80%,7.02%,4.07,6.67%,9.49,9.49,9.49,9.49,,,,,,,,,,,,,,,,,,,,,,,,,,,
0x8e902d03d2ca84ab78732fd1704df415d5f4f595,0.42,-0.56,-0.13,0.42,-0.56,-0.13,,,,474.15%,-621.66%,-147.51%,,,,420.00,4.29%,0.10%,0.29,0.47%,114.18,114.18,114.18,114.18,,,0.42,-0.56,-0.13,0.42,-0.56,-0.13,,,,474.15%,-621.66%,-147.51%,,,,420.00,4.29%,0.10%,0.29,0.47%,114.18,114.18,114.18,114.18,,,,,,,,,,,,,,,,,,,,,,,,,,,
0x53fe3edb7604fec209157a5318aa696308bf0dea,1.50,-1.40,0.10,0.11,-0.10,0.01,0.10,0.26,0.18,260.79%,-411.64%,-150.85%,26.60,-15.85,-8.16,4525.71,58.47%,1.48%,0.80,1.32%,308.85,22.06,72.12,3.18,,,1.49,-1.39,0.10,0.11,-0.11,0.01,0.10,0.27,0.19,269.88%,-430.35%,-160.47%,27.54,-16.01,-8.34,4573.85,59.29%,1.32%,0.83,1.36%,293.54,22.58,72.12,3.18,,,0.01,-0.01,0.00,0.01,-0.01,0.00,,,,86.46%,-52.84%,33.63%,,,,3900.00,47.70%,3.57%,0.35,0.57%,15.31,15.31,15.31,15.31,
0x206a9cd400e372cf4ab60fde826f9f9928acbbc1,0.00,0.00,0.00,0.00,0.00,0.00,,,,255.69%,-409.35%,-153.65%,,,,3660.00,44.19%,3.31%,2.45,4.02%,0.01,0.01,0.01,0.01,,,,,,,,,,,,,,,,,,,,,,,,,,,,,0.00,0.00,0.00,0.00,0.00,0.00,,,,255.69%,-409.35%,-153.65%,,,,3660.00,44.19%,3.31%,2.45,4.02%,0.01,0.01,0.01,0.01,
0xb5d02621256da060a8cad0fd25d1f72ba532263c,0.04,-0.11,-0.07,0.04,-0.11,-0.07,,,,99.46%,-268.94%,-169.47%,,,,5220.00,68.54%,13.39%,21.02,34.49%,0.71,0.71,0.71,0.71,,,0.04,-0.11,-0.07,0.04,-0.11,-0.07,,,,99.46%,-268.94%,-169.47%,,,,5220.00,68.54%,13.39%,21.02,34.49%,0.71,0.71,0.71,0.71,,,,,,,,,,,,,,,,,,,,,,,,,,,
0xbbb5ac85491a0fe6178b685c4f0aba5cd64ccd1f,0.03,-0.06,-0.03,0.03,-0.06,-0.03,,,,196.98%,-370.78%,-173.80%,,,,4080.00,50.38%,3.88%,1.99,3.26%,3.13,3.13,3.13,3.13,,,,,,,,,,,,,,,,,,,,,,,,,,,,,0.03,-0.06,-0.03,0.03,-0.06,-0.03,,,,196.98%,-370.78%,-173.80%,,,,4080.00,50.38%,3.88%,1.99,3.26%,3.13,3.13,3.13,3.13,
0xe65d83f16ee6dc032aecf110db8b8a4b8e85fb68,0.01,-0.01,0.00,0.00,0.00,0.00,0.00,0.00,0.00,319.36%,-586.97%,-267.62%,1511.66,-2415.54,-2992.69,1440.00,15.49%,1.45%,3.42,5.61%,0.18,0.06,0.09,0.05,,,,,,,,,,,,,,,,,,,,,,,,,,,,,0.01,-0.01,0.00,0.00,0.00,0.00,0.00,0.00,0.00,319.36%,-586.97%,-267.62%,1511.66,-2415.54,-2992.69,1440.00,15.49%,1.45%,3.42,5.61%,0.18,0.06,0.09,0.05,
0x35f0686c63f50707ea3b5bace186938e4e19f03a,7.45,-38.93,-31.48,7.45,-38.93,-31.48,,,,82.71%,-432.28%,-349.56%,,,,60.00,0.60%,0.54%,10.95,17.97%,300.06,300.06,300.06,300.06,,,7.45,-38.93,-31.48,7.45,-38.93,-31.48,,,,82.71%,-432.28%,-349.56%,,,,60.00,0.60%,0.54%,10.95,17.97%,300.06,300.06,300.06,300.06,,,,,,,,,,,,,,,,,,,,,,,,,,,
0x228d08386ca1a87d7045fb82d67cb8c9ce5a0b30,0.29,-0.15,0.14,0.06,-0.03,0.03,0.09,0.02,0.08,592.09%,-946.39%,-354.30%,64.85,-591.08,-42.51,1392.00,14.98%,-1.11%,1.03,1.70%,17.25,3.45,6.97,0.32,,,0.07,-0.10,-0.03,0.02,-0.03,-0.01,0.02,0.02,0.02,533.98%,-1496.41%,-962.43%,223.23,-923.53,-443.58,1500.00,16.20%,-1.37%,0.41,0.67%,10.28,2.57,3.88,0.32,,,0.22,-0.04,0.17,0.22,-0.04,0.17,,,,677.84%,-134.88%,542.96%,,,,960.00,10.08%,-0.08%,1.68,2.75%,6.97,6.97,6.97,6.97,
0x9aafce664f76060ad84c56c9ac28c079cb07a9ce,0.05,-0.07,-0.01,0.05,-0.07,-0.01,,,,2039.85%,-2562.80%,-522.95%,,,,60.00,0.60%,0.55%,0.05,0.08%,19.92,19.92,19.92,19.92,,,0.05,-0.07,-0.01,0.05,-0.07,-0.01,,,,2039.85%,-2562.80%,-522.95%,,,,60.00,0.60%,0.55%,0.05,0.08%,19.92,19.92,19.92,19.92,,,,,,,,,,,,,,,,,,,,,,,,,,,
0x9602253d5804e70ba15da3dc6b5dcb8357a3f716,0.00,0.00,0.00,0.00,0.00,0.00,,,,710.83%,-1501.94%,-791.11%,,,,1200.00,12.75%,0.92%,0.29,0.47%,0.12,0.12,0.12,0.12,,,0.00,0.00,0.00,0.00,0.00,0.00,,,,710.83%,-1501.94%,-791.11%,,,,1200.00,12.75%,0.92%,0.29,0.47%,0.12,0.12,0.12,0.12,,,,,,,,,,,,,,,,,,,,,,,,,,,
0x51d013b31d541da592ba6f536ac8986d141008ca,21.69,-28.97,-7.28,1.03,-1.38,-0.35,1.40,3.75,3.64,364.51%,-1241.69%,-877.18%,2.60,-3.31,-2.41,1357.14,15.13%,4.68%,1.27,2.08%,1719.71,81.89,202.08,2.28,,,21.45,-28.72,-7.27,1.07,-1.44,-0.36,1.43,3.84,3.73,366.00%,-1288.83%,-922.83%,2.56,-3.35,-2.47,1383.00,15.45%,4.98%,1.31,2.15%,1633.32,81.67,202.08,2.28,,,0.24,-0.25,-0.01,0.24,-0.25,-0.01,,,,336.28%,-350.54%,-14.26%,,,,840.00,8.76%,-1.32%,0.31,0.50%,86.40,86.40,86.40,86.40,